Title,Poster URL,Detected Language,Line 1,Line 2,Line 3,Error
Central Station,https://m.media-amazon.com/images/M/MV5BOGFiNWMzZTUtNDI5OS00MjFlLThkNzctYjg2OGJlM2U1NjIyXkEyXkFqcGc@.jpg,en,STATION,CENTRAL,looking for the father he never knew,
Savior,https://m.media-amazon.com/images/M/MV5BMGFjNTZiNzItZjAwYS00NTc3LWI0YjgtYjIxMGQ3OTIxY2Y3XkEyXkFqcGc@.jpg,it,SAVIO R,N N [ $,Pe is worth fighting for_,
Waking Ned Devine,https://m.media-amazon.com/images/M/MV5BNTBjYzBjMTktYTA1My00NjUzLTg3NmMtY2U2MzM2MTdiMzg5XkEyXkFqcGc@.jpg,nl,Vakıng,Ved,,
Pink Flamingos,https://m.media-amazon.com/images/M/MV5BNTU0NGZjN2MtOWNmNi00YmJhLWEyZWEtNWVkYTFkMjc1ZmUyXkEyXkFqcGc@.jpg,tl,POOR TASTE,Starring:DIVINE,Mink Stole   and introducing Danny Mills,
Gojira,https://m.media-amazon.com/images/M/MV5BMjc5MjllMGUtMDIwMS00ZDVkLWEzODQtM2NlMTMwMTZhNThmXkEyXkFqcGc@.jpg,hr,Minus CNE,godzillafilm.co.uk,DECEMBER I5TH,
Godzilla 1985,https://m.media-amazon.com/images/M/MV5BNjVjYzM0MDAtMGU1Yy00ZmUwLTk2Y2MtNWQyY2I1NWFjNzRjXkEyXkFqcGc@.jpg,pl,1985,THE LEGEND IS REBORN,SORE!,
King Kong,https://m.media-amazon.com/images/M/MV5BMWY0NWE0ZjUtNjRlOS00ZDViLTgxNTQtMGMwN2FhNDY1YTg2XkEyXkFqcGc@.jpg,tl,KING KONG,Coli Hanks,ADRIEN BRODY,
King Kong Lives,https://m.media-amazon.com/images/M/MV5BYjJlZjI4YjMtZGY4ZS00Y2IwLWEyOGEtODkyOTA0OWEyOWU3XkEyXkFqcGc@.jpg,tl,happy,Americas Biggest Hero,DG,
Desperately Seeking Susan,https://m.media-amazon.com/images/M/MV5BYjNjODA0YmEtNmQ1Yy00OTZjLWE0MmUtMTYzY2ZmZGViNzQ3XkEyXkFqcGc@.jpg,af,Its alife so outrageous,SUSAN,ittakes two women tolive it,
Fletch,https://m.media-amazon.com/images/M/MV5BYmM2MDEyMjQtOGQwYS00M2NjLWIwODgtYzRmYjQ5ZDMxZDEyXkEyXkFqcGc@.jpg,de,Fech,theonlyguy whochanges hisidentity,moreoftenthan his underwear:,
Fletch Lives,https://m.media-amazon.com/images/M/MV5BY2Q4NWE4NjQtZGEyZS00ZWFiLWFlZjUtNDc4NzlkMGQwMTVjXkEyXkFqcGc@.jpg,en,[ethLives,CHEVY CHASE,man for the job:,
Red Sonja,https://m.media-amazon.com/images/M/MV5BMDkyOWJhYTktNDdlZC00MzEzLWJhY2ItYmMzYzlmMGQyNzNmXkEyXkFqcGc@.jpg,sl,SCHWARZENEGGER,NIELSEN,SANDAHL BERGMAN PAUL SMITH RONALD LACEY,
Gung Ho,https://m.media-amazon.com/images/M/MV5BZmE5MTUyMjUtMDY1ZC00ZmVjLWJlZDgtMGZlMWU1NjUxYWU3XkEyXkFqcGc@.jpg,vi,A RON HOWARD,tbe tough get confused.,AND DEBORAH BLUM,
The Money Pit,https://m.media-amazon.com/images/M/MV5BNWMyMzliNDgtNDJiYy00ZDg2LTkwZGEtYjVmYmEyNTk2ZTFlXkEyXkFqcGc@.jpg,en,@@,THE,SHELLEY LONG,
A View to a Kill,https://m.media-amazon.com/images/M/MV5BZjc3ZTJkZjUtM2E4Mi00YzA1LWJkZTAtM2U0OWUyYTE4YTFiXkEyXkFqcGc@.jpg,en,AVIEWwAKILL,HAS JAMES BOND FINALLY,MET HIS MATCH?,
Lifeforce,https://m.media-amazon.com/images/M/MV5BNWNmN2Y4ZTAtNGRkMC00ODk2LTkwZjItNDU3N2VjMmEzMDk4XkEyXkFqcGc@.jpg,en,FF F F,R,"Inthe blink of an eye,",
Police Academy,https://m.media-amazon.com/images/M/MV5BZmY2Zjk3ZmYtZGQwYS00NGM4LTk1MWMtZjI4MmRkNmM2ZDYwXkEyXkFqcGc@.jpg,pt,police recruits.,Call them jerks.,when youre in trouble,
Police Academy 2 Their First Assignment,https://m.media-amazon.com/images/M/MV5BOTc4Zjc4NzAtODA3My00ODQ4LWJiY2YtZDI4MjMwZmI3YzgwXkEyXkFqcGc@.jpg,en,WATCH OUt,They ve got to clean up,Theyre the worst police force,
Police Academy 3 Back in Training,https://m.media-amazon.com/images/M/MV5BZDUyOTAwZDgtOTIwZC00NGVhLTg1ZGYtYmVhYTNjMjIyYmE4XkEyXkFqcGc@.jpg,en,POLICE,AcADEMY,RUN FOR COVERI,
Police Academy 4 Citizens on Patrol,https://m.media-amazon.com/images/M/MV5BOTQzYTVkN2YtNzM5Yy00MDVhLWEwMTQtNzgwMWVlNDJlZmRkXkEyXkFqcGc@.jpg,en,4,PATROL,off,
Police Academy 5 Assignment Miami Beach,https://m.media-amazon.com/images/M/MV5BNDMzN2NhZjAtNDFlZC00MDc5LWJlMzctNzFjMTgyNjFhYTMzXkEyXkFqcGc@.jpg,en,ASSIGNMENT MIAMI BEACH,Hold everything',are dropping in,
Police Academy 6 City Under Siege,https://m.media-amazon.com/images/M/MV5BMTY2NjI3YjEtYTNlOS00NTYzLTkyMjUtZTgzNDBmODZhNTE4XkEyXkFqcGc@.jpg,en,undercover in,mastermind,of crime.,
Ringmaster,https://m.media-amazon.com/images/M/MV5BN2E1OWRlNmUtZjk1MC00NmQ4LWFkYjQtM2IwYmExODgzODE5XkEyXkFqcGc@.jpg,et,RINGMASTER,AMERICA'S #1 ACTION HERO!,SPRINGER,
Psycho,https://m.media-amazon.com/images/M/MV5BYjZhMzFiZjItODA3ZC00MmRhLWIzMGYtMmVjOWUwYTA3MTRjXkEyXkFqcGc@.jpg,pl,HFS,BAISAM,and altogether,
Little Voice,https://m.media-amazon.com/images/M/MV5BOTVhNThmYWEtYzM3Yy00MzNkLWFjODktYzY1YTczZWRjYWU3XkEyXkFqcGc@.jpg,it,,,,
Jack Frost,https://m.media-amazon.com/images/M/MV5BY2U2MmNkZjAtNTVmOS00MzViLTgzNjUtZmQ0NTE5MWU3NjI4XkEyXkFqcGc@.jpg,en,PRESTON,KEATON,Iack,
Star Trek Insurrection,https://m.media-amazon.com/images/M/MV5BNTQwZDg2NGQtNjEwNS00ZWVhLWE0YTEtYjhkZWM0NjdkOWIzXkEyXkFqcGc@.jpg,en,STTA1R,9 8,2,
The Prince of Egypt,https://m.media-amazon.com/images/M/MV5BMjc4NzU5MDUtNmFkNi00NzI5LWE3NjQtNjJlZDRlNjdhZWYwXkEyXkFqcGc@.jpg,en,PrRNCE,EGYPT,THE,
Rushmore,https://m.media-amazon.com/images/M/MV5BZmM2MTNhYWItMDc4Yi00MTM3LWI3YTctYjE1NWRjNTczYjI5XkEyXkFqcGc@.jpg,sq,1,Touchstone,4,
Shakespeare in Love,https://m.media-amazon.com/images/M/MV5BYmM3MTllNzYtN2MzNS00NWQwLTk0NTEtNjY1MmMwYjNkNTE5XkEyXkFqcGc@.jpg,en,SHAKESPEARE IN LOVE,PALTROW,FIENNES,
Mass Appeal,https://m.media-amazon.com/images/M/MV5BZTFkNGUzZTYtZDJjMy00MmZkLWI2OTQtYzlmNmJmNGZkOTAxXkEyXkFqcGc@.jpg,en,MSSAPFEAL,"Somewhere between laughter and tears,",found something to believe in:,
Miracle on 34th Street,https://m.media-amazon.com/images/M/MV5BMzA2YjU3NjUtZDNiOS00ZjY2LThjOTYtYjQ1MGM4MTk4YzZjXkEyXkFqcGc@.jpg,en,MIRACLE,Discover,the,
Santa Claus The Movie,,en,,,,No poster for 'Santa Claus The Movie'
Prancer,https://m.media-amazon.com/images/M/MV5BYjA1YmY4NGItZThlOS00M2IyLWE1ODAtMTQ4YTgxMTQ2ZmMyXkEyXkFqcGc@.jpg,pt,PRANCER,Something magical is,bappen,
Pale Rider,https://m.media-amazon.com/images/M/MV5BMWY2YjMwODAtZTllMC00OTZhLTg3N2EtMjcxNzg0ZjYwODY2XkEyXkFqcGc@.jpg,de,EASTWOOD,CLINT,PALE RIDER,
Rambo First Blood Part II,https://m.media-amazon.com/images/M/MV5BNTNiMzUyZjQtY2RlOS00MjIxLWFlMjAtNjI1NjkzY2JjN2M3XkEyXkFqcGc@.jpg,en,STALLONE,RAMBO,Thev,
First Blood,https://m.media-amazon.com/images/M/MV5BYzc4ZmQ5YzEtYTQzYy00ZDdiLWI2NmQtZTA3MzM1ZGIyYmUzXkEyXkFqcGc@.jpg,en,STALLONE,Sharg,R,
Rambo III,https://m.media-amazon.com/images/M/MV5BNzBjYjk0MDMtNmUyYi00MjJlLWEwZmMtMGZlYWI1OTEwMjdkXkEyXkFqcGc@.jpg,sw,The first was for himself: The second was for his country,"RICHARD CRENNA Music by JERRY GOLDSMITH   Director of Photography JOHN STANIER, G.B.CT",SYLVESTER STALLONE,
The Jewel of the Nile,https://m.media-amazon.com/images/M/MV5BNmNlMjE0NDAtYmE4MS00OTEzLTljYjYtODM4MjUwNjM1N2RhXkEyXkFqcGc@.jpg,en,of the,VICHAEL DOUGLAS,KATHLEEU TURIER,
Romancing the Stone,https://m.media-amazon.com/images/M/MV5BOTVhOWU2OTItZDgzNy00MWMyLThkNmUtOGNiOTU3ZTYzYTU2XkEyXkFqcGc@.jpg,en,big,they share an adventure,Shess a girl from the,
Cocoon,https://m.media-amazon.com/images/M/MV5BY2VkNzdkMTktODZlYi00NzMzLWEzZDQtZTJmYmFkOGQyMWU4XkEyXkFqcGc@.jpg,en,COCODN,nothing you expect,It is everything,
Cocoon The Return,https://m.media-amazon.com/images/M/MV5BZmU4ZTQ2NmEtYTJlOC00NmJjLTg4ZTctODg1YzBlZDQ3YmQ4XkEyXkFqcGc@.jpg,en,COCON,"This holiday season,",the most wonderful place,
Rocky III,https://m.media-amazon.com/images/M/MV5BNDYzNDQ3Y2MtODc1Zi00ZTBkLWIzZWUtOGY0NGZmYWZhMWQ5XkEyXkFqcGc@.jpg,cs,ROCKYIII,ROC,ROC,
Rocky IV,https://m.media-amazon.com/images/M/MV5BNjJiYzRiYWMtZTgyZC00YjliLWIwZWMtZTJlYjkyYzc2MDMxXkEyXkFqcGc@.jpg,cs,ROCKY IV,ROBERT CHARTOFF,nSS 850052,
Rocky V,https://m.media-amazon.com/images/M/MV5BMTM2Mzc4MTYxM15BMl5BanBnXkFtZTcwODY5NTk1NA@@.jpg,cs,GO FOR IT,,,
Clue,https://m.media-amazon.com/images/M/MV5BMzMwZTY3ZGItYTY3Zi00YTRmLWE3Y2UtYWE1NmMwZDVjMmYxXkEyXkFqcGc@.jpg,fr,Wasit,With the,In the,
Young Sherlock Holmes,https://m.media-amazon.com/images/M/MV5BMWFjYjdkZjMtMjA5NS00ZDIzLWExMjAtYjA3MGYwM2QyYmU0XkEyXkFqcGc@.jpg,en,YOUNG,HOLMES,SHERICK,
Violets Are Blue...,https://m.media-amazon.com/images/M/MV5BMzI5YmVkNGUtOWU5ZC00YzhiLTliYmQtMWIyM2E3NGQ2Yjk0XkEyXkFqcGc@.jpg,fr,hlue,violets,if you,
Back to School,https://m.media-amazon.com/images/M/MV5BMGFhMzM3MDYtNzU2Mi00MTczLWIzOGMtNzU0NjZiYjQ3NWU5XkEyXkFqcGc@.jpg,en,RODNEYL,A,DOLBY STEREO,
Heartburn,https://m.media-amazon.com/images/M/MV5BZWYwZDQ5OTEtMGQzZC00YWJlLTkwM2UtYzlhYTlkYjI3NWI2XkEyXkFqcGc@.jpg,en,NICHOLSON,STREEP,MEIYL,
Extremities,https://m.media-amazon.com/images/M/MV5BOWE5MjM4NDAtMTQwYS00YjYyLWE2ZWEtMjZhNzFhZTgzMWQyXkEyXkFqcGc@.jpg,ro,EXTREMITIES,Or so he thought.,What she did to survive is nothing,
The Karate Kid,https://m.media-amazon.com/images/M/MV5BM2I3ZmZhNzctMzBlNC00YTc2LWE1MmEtY2ZkMzg3Y2I1ZDJhXkEyXkFqcGc@.jpg,en,KarateKid,He taught himthe secret toKarate lies in,The,
The Karate Kid Part III,https://m.media-amazon.com/images/M/MV5BYTc2NzYyYTktYTJhMi00OGY2LWE0YzYtNjgwNWU4ZGZiYjg0XkEyXkFqcGc@.jpg,en,Kahete Kid,Part III,Now its man to man;,
National Lampoon s Christmas Vacation,https://m.media-amazon.com/images/M/MV5BZDgxYzI2YWItNmUyNS00ZWE4LWEzZDctYTk1M2VkYjhkOWVmXkEyXkFqcGc@.jpg,en,CHASE,CHRISTMASVcATION,YULE,
You ve Got Mail,,fr,,,,No poster for 'You ve Got Mail'
The General,https://m.media-amazon.com/images/M/MV5BMTVhM2Y1MDUtMDkxYi00Y2UxLWI2MTMtZjMzYTY4ODM4MGIzXkEyXkFqcGc@.jpg,en,I,General,KEATON,
The Theory of Flight,https://m.media-amazon.com/images/M/MV5BYjU4YzBiMDUtNTI1ZC00ZTgwLTk4YWMtNDMxNGZhYzJmZWZmXkEyXkFqcGc@.jpg,en,HELENA BONHAM CARTER,Iheory ',"ils funny, intelligenl and deeply poignont;",
Mighty Joe Young,https://m.media-amazon.com/images/M/MV5BYjViMWExYzItMjBkNS00YTFkLWFmOWItMGVmNWFjMjg3OGE2XkEyXkFqcGc@.jpg,en,JOE,RKO PICTURES,HOYT VEATMAV,
Mighty Joe Young,https://m.media-amazon.com/images/M/MV5BYjViMWExYzItMjBkNS00YTFkLWFmOWItMGVmNWFjMjg3OGE2XkEyXkFqcGc@.jpg,en,JOE,RKO PICTURES,HOYT VEATMAV,
Patch Adams,https://m.media-amazon.com/images/M/MV5BYjEwMTJhMDktZDFjZi00MzQ5LTg0NWMtMDlhNmNiYWRkMDk1XkEyXkFqcGc@.jpg,en,PATCH,ADAMS,ROBIN,
Stepmom,https://m.media-amazon.com/images/M/MV5BMDM0YTkzNTgtZGQ3Yy00MGFiLTk2NTQtODZkYWRjYzYwMGNlXkEyXkFqcGc@.jpg,no,STEPMOM,JuLIA RoBERTS,SUSAN SARANDON,
A Civil Action,https://m.media-amazon.com/images/M/MV5BMDgyNDNkYTMtYmU0NC00YjliLWFhNjgtMmFhOTQ1MmE4NzNmXkEyXkFqcGc@.jpg,en,ACTION,A CIVIL,J 0 H N  T R A V 0 L T A,
Tea with Mussolini,https://m.media-amazon.com/images/M/MV5BZmEzMTQxOWUtYTY4NS00YjVkLTlmMzYtNmM2MzQxMzg2ZTlhXkEyXkFqcGc@.jpg,en,Mussolini,Tea,,
Wilde,https://m.media-amazon.com/images/M/MV5BM2U1MGQzZWUtYWVmOC00NGU2LWEyNmEtYzEyOTcyNDdiYmRkXkEyXkFqcGc@.jpg,de,WILDE,VANESSA,WILKINSON,
Outside Ozona,https://m.media-amazon.com/images/M/MV5BMTIyMjAzOTM1NF5BMl5BanBnXkFtZTcwMjA1MzcxMQ@@.jpg,pt,Uzona,Outside,FOIISTER,
Affliction,https://m.media-amazon.com/images/M/MV5BY2JlNDI0MTAtYWUyYy00ODgwLThlMTItY2NmOTMzMGE2OGQ3XkEyXkFqcGc@.jpg,en,affliction,spacek,james,
Another Day in Paradise,https://m.media-amazon.com/images/M/MV5BOWU0Y2EwNTEtYjUyZS00MDFkLWJiOTctMmNlMjY0YmQ4MzM1XkEyXkFqcGc@.jpg,en,DAY,NNPARADISE,ANOTHER,
The Hi-Lo Country,https://m.media-amazon.com/images/M/MV5BNjE5N2FkNDUtYWIxNS00ODRiLWE0ZjAtOTVmN2E0ZTM3MWY5XkEyXkFqcGc@.jpg,en,COUNTRY,H-LO,ARQUETTE,
Hilary and Jackie,https://m.media-amazon.com/images/M/MV5BNmIwYTJmOTUtNzA5MC00OThmLWIyNzktNWM1MmFkMjJkYTI3XkEyXkFqcGc@.jpg,en,HILARYa JACKIE,ilymATSO 1,rachelRIFFITHS,
Playing by Heart,https://m.media-amazon.com/images/M/MV5BNjQ0ZDEzZWItM2RkNy00YWYxLTkxMDYtODZhYzFiYmEyMmYyXkEyXkFqcGc@.jpg,en,playingbyheart,3,Ryan Phillippe,
24 7 Twenty Four Seven,,en,,,,No poster for '24 7 Twenty Four Seven'
At First Sight,https://m.media-amazon.com/images/M/MV5BOTY0M2EyNGUtYmZiYi00MTVlLThkMWMtMjNkZjg5Nzg2NjRmXkEyXkFqcGc@.jpg,en,FIRST SICHT,LOVE AT,NETFLIX,
In Dreams,https://m.media-amazon.com/images/M/MV5BMWU1ZTRiMjQtZWFiYS00Njk5LTlhNjUtZjlkMjU2NmVmYjg2XkEyXkFqcGc@.jpg,en,IN DREAMS,ANNETTE BENINGAIDAN QUINN,,
Varsity Blues,https://m.media-amazon.com/images/M/MV5BYjIxMTU3M2MtMjg4MC00YWFkLTljMTItYjcxOTJlNDcxMjlmXkEyXkFqcGc@.jpg,en,BL UE S,VA R S ITY,Make your own rules:,
Virus,https://m.media-amazon.com/images/M/MV5BNDUzMGYzYjgtZWE2Ni00MjFmLWEyOGYtMmEzM2JjOGFiNjZmXkEyXkFqcGc@.jpg,lt,DONALD SUTHERLAND,,,
The Garbage Pail Kids Movie,https://m.media-amazon.com/images/M/MV5BNDJhOTU1ZDYtYTI5NS00MmQ4LTgxOTctNWQ4NDNlMzRkMWVlXkEyXkFqcGc@.jpg,en,5,MOVIE,THE,
Howard the Duck,https://m.media-amazon.com/images/M/MV5BZTA4ZjJkZjQtNzMwMy00YjJjLTkwYzgtZDY0YmNhZjYzMGExXkEyXkFqcGc@.jpg,en,HOWARD,Trappedinaworldhenever made,BEVERLY,
Gate 2 The Trespassers,https://m.media-amazon.com/images/M/MV5BMGMzOTViMjgtMDNjMi00MjFhLWJlNTktYzE4NTQwYWVjNjRjXkEyXkFqcGc@.jpg,en,Gacrifux,,,
The Boy Who Could Fly,https://m.media-amazon.com/images/M/MV5BMTY0ODczMTAtZThjNC00OWY2LWFlY2QtYmI4NmQyZDRiZjljXkEyXkFqcGc@.jpg,en,Wo Could Hy,amazing Secret,boy,
The Fly,https://m.media-amazon.com/images/M/MV5BOTBlNTliNTItY2VhNS00MjA5LTllYzItMmQyNGRjYTAyZWQxXkEyXkFqcGc@.jpg,en,5,BROOKSFILMS Pesents,Be VEY AGRAID:,
The Fly,https://m.media-amazon.com/images/M/MV5BOTBlNTliNTItY2VhNS00MjA5LTllYzItMmQyNGRjYTAyZWQxXkEyXkFqcGc@.jpg,en,5,BROOKSFILMS Pesents,Be VEY AGRAID:,
The Fly II,https://m.media-amazon.com/images/M/MV5BZDg1NGJlNWMtYmFiOS00MWY1LWFkMjQtMmQxNGEwODFmMzBhXkEyXkFqcGc@.jpg,en,V,LIKE,FATHE R,
Running Scared,https://m.media-amazon.com/images/M/MV5BMTIwOTAzMDc4MF5BMl5BanBnXkFtZTcwNjY5MzIzMQ@@.jpg,en,SCARED,RUNNING,PAUL WALKER,
Armed and Dangerous,https://m.media-amazon.com/images/M/MV5BNGNkNTZjZjItYTRmOC00ZmIyLTkyZTEtYjU1YjZiNTAyOTZkXkEyXkFqcGc@.jpg,en,KEEPING YOU SAFE FROM THE SCUM OF THE EARTH:,AT GUARD DOG SECURITY JOHN CANDY IS,BRIAN GRAZER/JAMES KEACHFROSTBACKS PRODUCTION,
The Texas Chain Saw Massacre,https://m.media-amazon.com/images/M/MV5BYjE1MGJkMjUtY2VkNi00N2U1LWI2NWEtMDExNGYzYjRkZTM0XkEyXkFqcGc@.jpg,en,Who will supvive,Ihem?,and whal,
The Texas Chainsaw Massacre 2,https://m.media-amazon.com/images/M/MV5BYzU0YTNkYTktYjhiMS00NWI2LTg2NmUtYTdmN2IwN2IyNmFiXkEyXkFqcGc@.jpg,en,AFTER A DECADE,OF SILENCE_,IS BACK,
Leatherface Texas Chainsaw Massacre III,https://m.media-amazon.com/images/M/MV5BMzcyMjRmZGUtNmVhMS00NzkwLTg1MTEtMmRlMDM3ZWRiNWYzXkEyXkFqcGc@.jpg,en,1,Is Finally,Horror Film Ever,
Three Amigos,https://m.media-amazon.com/images/M/MV5BNTE5NDQ1NTMyNl5BMl5BanBnXkFtZTcwNjY5MDQ3NA@@.jpg,en,MARTIN,StEVE,Chevy,
Still Crazy,https://m.media-amazon.com/images/M/MV5BMjJlZmM2NTktZDUzZC00OTNiLTk5YTQtMTM3YjM4YmJiNzNlXkEyXkFqcGc@.jpg,it,BEST,PICTURE,"""THE SLEEPER HIT OF THE YEARY""",
The Apple,https://m.media-amazon.com/images/M/MV5BOGU1Y2NjYzktNWJiMi00NzA5LTk1NjEtZTJhYWI2YTRjYzdlXkEyXkFqcGc@.jpg,en,THE POWER OF ROCK.,IN 1994.,AFILM BY MENAHEM GOLAN,
200 Cigarettes,https://m.media-amazon.com/images/M/MV5BMGE5MTc4NTQtNDA2Ni00NzU3LWIxM2ItNzI4NjBhNGQxZGFhXkEyXkFqcGc@.jpg,sv,ITS 11*59 ON NEW YEARS EVE,DO YOU KNOW WHERE YOUR DATE IS?,Martha Plimpton,
The Other Sister,https://m.media-amazon.com/images/M/MV5BOTgwNTM3ODAtNzYxMi00Y2RiLWEwNmEtMTQ2NDdhODc4MjBiXkEyXkFqcGc@.jpg,en,The Other SSister,Lewis,Juliette,
Breakfast of Champions,https://m.media-amazon.com/images/M/MV5BMTU4MDU4NTkwOF5BMl5BanBnXkFtZTcwNjAzNTUyMQ@@.jpg,en,e,,,
Eight Days a Week,https://m.media-amazon.com/images/M/MV5BMTM1ODA5NTc2MV5BMl5BanBnXkFtZTcwMzAyNzcxMg@@.jpg,en,ON,LOOK,"""Eormoushy",
Just the Ticket,https://m.media-amazon.com/images/M/MV5BOGVkNWI4YWItYmRhZS00MmExLWFhYmUtMzg5NzBmOWQ5YmVhXkEyXkFqcGc@.jpg,en,ticket,Just,the,
Narayama bushik,https://m.media-amazon.com/images/M/MV5BMWRlMDA2NTUtZjAyZS00OWJkLWI5MWQtNmQxNDFiNTc2ZGI2XkEyXkFqcGc@.jpg,so,0,6,NARAYAMA BUSHIKO,
Pet Sematary,https://m.media-amazon.com/images/M/MV5BZTEyYWIyZWYtMTM5OC00M2ZmLWI5NzMtZjA0ZTI4MTQ4ZDZkXkEyXkFqcGc@.jpg,id,Sometimes dead is befter,,,
Pet Sematary II,https://m.media-amazon.com/images/M/MV5BYTAwNWY4ZGQtNDE5Ni00OTNmLWExYjQtMjljODkzMzZmOWQzXkEyXkFqcGc@.jpg,id,Raise some hell.,Opens Friday August 28,,
Children of the Corn II The Final Sacrifice,https://m.media-amazon.com/images/M/MV5BZjZjNWE4ZTEtOTZlNi00MDMwLWFiZWItMGZmMzcxOTEwMmRkXkEyXkFqcGc@.jpg,en,coning',back,The Final Sacrifice,
Children of the Corn III Urban Harvest,https://m.media-amazon.com/images/M/MV5BOTZlOWVlM2EtNTk5YS00OGM2LWFjMGMtMjg2YmZlZTk1YmE1XkEyXkFqcGc@.jpg,en,MOVE OVER JASON,"""MAjOR HORROR",TE,
Christine,https://m.media-amazon.com/images/M/MV5BYTQxZjlhNzUtMGJkMS00ODMwLWI0NzMtZGZiYzRmODE5ODI2XkEyXkFqcGc@.jpg,de,THAT CAN'T POSSIBLY BE ALIVE?,HOW DOYOU KILL SOMETHING,Fury,
Night Shift,https://m.media-amazon.com/images/M/MV5BNzNlNTYwN2EtNWY5OC00ZmU2LWE4MGEtYjYxMDZiNjcxMWE3XkEyXkFqcGc@.jpg,en,MORGUE,people have been dying to,Original Music by BURT BACHARACH  Original Lyrics by CAROLE BAYER SAGER,
Airport,https://m.media-amazon.com/images/M/MV5BOTg4NWE5NmItOGRhMC00OGU3LWE1ODgtODZmN2MwZDNmZmY3XkEyXkFqcGc@.jpg,en,AIRPORT,JACQUELINE BISSET,BURT LANCASTER . DEAN MARTIN,
Airport 1975,https://m.media-amazon.com/images/M/MV5BODIwZTVkMjItY2Y1MS00ZGUyLWE2M2MtODkxMWM5MGI3ZjFhXkEyXkFqcGc@.jpg,en,AIRPORT 1975,NEW,"inspired by the novel ""AIRPORT"" by Arthur Hailey:",
Airport 77,https://m.media-amazon.com/images/M/MV5BOTZmNmMxZjMtN2YxZi00ODE2LTg3NTctNDlhMDA5OTM1NDAwXkEyXkFqcGc@.jpg,en,Flight 23 has crashed in the Bermuda Triangle ...,"passengers still alive, trapped underwater: .","bigger; more exciting than ""AiRPORT 1975""",
The Towering Inferno,https://m.media-amazon.com/images/M/MV5BOTg0MmY2M2UtMjM4Zi00MDYyLTkwYjgtODZlZTQ1MmNjMDg5XkEyXkFqcGc@.jpg,en,TOwERNG,TINY SPARK,OF BLAZING,
Alligator,https://m.media-amazon.com/images/M/MV5BODVkZDhiZTYtMmM2Ni00ZDM4LThjOTctNWU3NzNiNzdlMGY5XkEyXkFqcGc@.jpg,it,It's 36 feet long:  It weighs 2000 pounds.,It lives 50 feet beneath the,And its about to break out?!,
Westworld,https://m.media-amazon.com/images/M/MV5BMjM2MTA5NjIwNV5BMl5BanBnXkFtZTgwNjI2OTMxNTM@.jpg,en,HBO,WESTWORLD,4/22,
Planet of the Apes,https://m.media-amazon.com/images/M/MV5BZDRlZTc3YTItOTk3Yi00NmU4LWFiOGUtNjgwMDZjNjIzNTU1XkEyXkFqcGc@.jpg,en,PLANE,Dolby Cinema,AND IMAX,
Beneath the Planet of the Apes,https://m.media-amazon.com/images/M/MV5BNzY5ODkwMGUtYTNkZi00NDJmLWJhZjktNzE0NmM0ZDcyMTM0XkEyXkFqcGc@.jpg,en,PAN,was only the beginning.,WHAT LIES BENEATH MAY BE THE ENDI,
Battle for the Planet of the Apes,https://m.media-amazon.com/images/M/MV5BMTZiODVlNjQtYjVmNS00MjIyLThhMTctMzQzMWE2YTY0YjNjXkEyXkFqcGc@.jpg,en,CHAPTER,BATTLE FOR THE,PLANET OFtHE ADES,
Conquest of the Planet of the Apes,https://m.media-amazon.com/images/M/MV5BZjQ5Y2EwMDEtMjAzMS00YWY3LThkOTEtNzFjNDQ4NGRiNDIzXkEyXkFqcGc@.jpg,en,APES,THE REVOLT OF THE APESL,ALANET,
Escape from the Planet of the Apes,https://m.media-amazon.com/images/M/MV5BY2NjNzVlMDgtMzEyYS00N2M4LWI2YjMtNGQ1NGRlZDk5MDU5XkEyXkFqcGc@.jpg,en,WWAsHiNGTON,MEET BAbY MiLo,FROMTHE,
The Concorde... Airport 79,https://m.media-amazon.com/images/M/MV5BNWQ5OThkNTAtZGU4Ni00NGQyLThiMDYtZGVlMTNlZTljYWMwXkEyXkFqcGc@.jpg,en,8,THE CONCORDE,AIRPORT '79,
Beyond the Poseidon Adventure,https://m.media-amazon.com/images/M/MV5BZGU5M2FmNDYtMzlhYi00NGRmLThkZTAtMWVlMTdlNjZhOTQ0XkEyXkFqcGc@.jpg,en,BEYOND,the superliner Poseidon willreveal one,"Beforeher fate issealed by thekeep,",
Dancemaker,https://m.media-amazon.com/images/M/MV5BYWI5OWM5YTMtN2FkOS00Yzc0LWEyOWYtNGVhZWRmMDNmYWIxXkEyXkFqcGc@.jpg,id,4,BY Ma tthew,"ACADEMY AWARD"" NOMINEE",
Analyze This,https://m.media-amazon.com/images/M/MV5BZDJmZTNmMmQtYWM2MC00YzM5LWI5MGEtODRmZTgzNDAyN2FjXkEyXkFqcGc@.jpg,en,analyze,this,Billy,
The Corruptor,https://m.media-amazon.com/images/M/MV5BY2ZkOTUyOGUtZDg0Zi00OGM5LWIzYWItMDY3OWY0NjUzNWMwXkEyXkFqcGc@.jpg,en,THECORRUPTOR,MARK WAHLBERG,CHOW YUN-FAT,
Cruel Intentions,https://m.media-amazon.com/images/M/MV5BMjgyYmVjNWYtZTNjOS00YjEyLWI0MjEtMDgwYWI2YzZiMTFkXkEyXkFqcGc@.jpg,it,CRUEL,INTENTIONS,PHILLLPPE SARAH MICHELLE GFLLAR,
Lock Stock and Two Smoking Barrels,https://m.media-amazon.com/images/M/MV5BMmY1M2M5ZmMtYzllZC00YzAxLTk4MjktZDJkNjA1MTUwMGQ4XkEyXkFqcGc@.jpg,en,ksteck,lock,"1998,",
Six Ways to Sunday,https://m.media-amazon.com/images/M/MV5BMTI5NzMxMjQ0NF5BMl5BanBnXkFtZTcwNTA1MzAyMQ@@.jpg,so,hayes,harry,brody,
The School of Flesh,,en,,,,No poster for 'The School of Flesh'
Harvest,https://m.media-amazon.com/images/M/MV5BOWM4NDY4MTUtNGVmMS00MGJkLWFkN2YtZmQwNzNmYmFjYzJkXkEyXkFqcGc@.jpg,no,Harvest,GLIMMERINGLY,"SPELLDINDING """,
The Rage Carrie 2,https://m.media-amazon.com/images/M/MV5BNjA3Y2YxNGMtN2ZkMi00MDQxLTlmMzMtZTYxYTE0YmI4NGQ3XkEyXkFqcGc@.jpg,en,RAGE,CARRIE,2,
Wing Commander,https://m.media-amazon.com/images/M/MV5BYWQ1YjE4NjQtZWQ2Ni00Y2MzLWIyMGMtMGMxODcxY2IzMTc0XkEyXkFqcGc@.jpg,en,Wing,BURROWS,KARYO,
The Haunting,https://m.media-amazon.com/images/M/MV5BMTU4NzA4MDEwNF5BMl5BanBnXkFtZTgwMTQxODYzNjM@.jpg,en,NNETFLIX,0 F,H 0 U $ E,
Dead Ringers,https://m.media-amazon.com/images/M/MV5BYTMwZDViNDMtZGJjNC00YzM4LWFiN2YtZjVjNjAwOWNjMTIxXkEyXkFqcGc@.jpg,nl,RINGERS,DEAD,TWO BODIES. TWO MINDS. ONE SOUL,
My Boyfriend s Back,https://m.media-amazon.com/images/M/MV5BMjRmZTNjZjItNzY4YS00MGRiLWI1YmMtOTEwNTZmYmZkNTY0XkEyXkFqcGc@.jpg,en,,,,
Village of the Damned,https://m.media-amazon.com/images/M/MV5BZjU0ZDMyOTgtNWU0YS00MjFmLWJjOTEtYjViMDI1NWUyMGE5XkEyXkFqcGc@.jpg,en,VILLAGE OF THE DAMNED,Beware the Children,A IHIVERSAL PICTURE,
Children of the Damned,https://m.media-amazon.com/images/M/MV5BZDIyNTZjNTMtYzRjMy00ZTBiLWFlODctYzcyN2YxMWY3Y2Q3XkEyXkFqcGc@.jpg,en,HILOREN,THE,MAMNEQ,
Baby Geniuses,https://m.media-amazon.com/images/M/MV5BZGU1NTE0YWUtY2FkZS00MGE5LWI4MDItMmE5NzYzY2YzMTY1XkEyXkFqcGc@.jpg,en,geniuses,baby,ChristopherLloyd,
Forces of Nature,https://m.media-amazon.com/images/M/MV5BOTAwMjBhYTctNzcyMC00ZTMwLWI1NGMtMjZkYjYyNmIxNzFjXkEyXkFqcGc@.jpg,en,TCACS OF,NATURE,He,
Bandits,https://m.media-amazon.com/images/M/MV5BMTkyMzA3OTI3NV5BMl5BanBnXkFtZTYwMjU0ODM3.jpg,id,BMNDITS,mgm com,,
Dangerous Beauty,https://m.media-amazon.com/images/M/MV5BMDEzNWJiMGItMjM2Zi00NmMyLTk1NDYtNmY0ODRhMTNjODIzXkEyXkFqcGc@.jpg,en,DANGEROUS BEAUTY,LIFE WITHOUT COMPROMISE:,,
The Empty Mirror,https://m.media-amazon.com/images/M/MV5BMTIxMzg3Mzg2OF5BMl5BanBnXkFtZTcwNjAyNTkxMQ@@.jpg,en,EMPTY,MIRROR,THE,
The King and I,https://m.media-amazon.com/images/M/MV5BZDA5MTVjZDEtYmE3Ni00MTc5LWFlYWMtNzk1YjM5NTUzNzE1XkEyXkFqcGc@.jpg,en,ange,and,DEBORAH KERR,
Doug s 1st Movie,https://m.media-amazon.com/images/M/MV5BYWE5NTU0MTQtYWQ3ZS00ZGVkLWExYmMtZTRjMzBmOTQ3MWRlXkEyXkFqcGc@.jpg,en,DaOgs,Ist,MOVIE,
Edtv,https://m.media-amazon.com/images/M/MV5BN2UzMzljOGEtZjYzZS00ZmNmLTg4NzctYWI2NDI4NjEwOGEwXkEyXkFqcGc@.jpg,sv,GOOD MORNING!,YOURE LIVE ON,@K,
The Mod Squad,https://m.media-amazon.com/images/M/MV5BMjA5OTQzMTYyMl5BMl5BanBnXkFtZTcwOTQxMDU1MQ@@.jpg,en,SEASON,VOLUME,7,
Among Giants,https://m.media-amazon.com/images/M/MV5BZmQ5ZmU4ZGQtZWMwNC00MmI4LWE0N2ItYThkMjFlMzUyYzc1XkEyXkFqcGc@.jpg,tl,Hostlethwaite,rachel griffiths,pet:,
The Matrix,https://m.media-amazon.com/images/M/MV5BN2NmN2VhMTQtMDNiOS00NDlhLTliMjgtODE2ZTY0ODQyNDRhXkEyXkFqcGc@.jpg,en,MATRIX,REEVES,LAURENCE,
10 Things I Hate About You,https://m.media-amazon.com/images/M/MV5BOTQwYmRhNGQtODI2Mi00ZTRlLTk0Y2QtY2NkNjE1MGNhNTgwXkEyXkFqcGc@.jpg,en,#hegs,10,How DO | LOATHE THEE? LET ME COUNT THE WAYS:,
Tango,https://m.media-amazon.com/images/M/MV5BYjcwNzI2ZWQtMDE2Yy00MGU2LTljZGYtZmVjZmQ4NDYzZmI2XkEyXkFqcGc@.jpg,sw,RUSSELL,FRANCO,HAROLD,
The Out-of-Towners,https://m.media-amazon.com/images/M/MV5BOTYzZjAzZTctYTliYy00YmY2LTgyOTctNTNiYmJkN2Q3ODEwXkEyXkFqcGc@.jpg,en,Out,STEVE MARTIN,~OF -,
Love etc.,https://m.media-amazon.com/images/M/MV5BMTQ1MTAxMjgxNV5BMl5BanBnXkFtZTcwODQ5NDEzMQ@@.jpg,fr,etc.,15,05,
Metroland,https://m.media-amazon.com/images/M/MV5BMjY4NDNiOTktYWNjNS00MGZkLTgzNDUtMzg1Y2NiNjhjNzBmXkEyXkFqcGc@.jpg,tr,METROLAND,EMILY VATSON,CHRISTIAN BALE,
The Sticky Fingers of Time,https://m.media-amazon.com/images/M/MV5BMTU1NDk1MDgzMF5BMl5BanBnXkFtZTcwNjg3MDMyMQ@@.jpg,en,LE,between Kinkiness and nostalgia: ',INCLUDES,
Following,https://m.media-amazon.com/images/M/MV5BNjZiMTI5OGItZWJhMC00OGRiLTk1NzAtYmNmZTM0MzFmNGM0XkEyXkFqcGc@.jpg,en,FOLLOWING,LucY RUSSELL,FILM,
Never Been Kissed,https://m.media-amazon.com/images/M/MV5BOGFjODFkYzctMjRhNy00NzMwLWFlM2UtZjAzMGUxYzM1ZWNkXkEyXkFqcGc@.jpg,nl,BARRYMORE,ARQUETTE,SHANNON,
Twin Dragons,https://m.media-amazon.com/images/M/MV5BNjM4NDNhMDEtYjA4Mi00NjliLThmOTgtMDM3ZDQ1MDE4ZjRlXkEyXkFqcGc@.jpg,en,The Twin Dragons,II?,408,
Cookie s Fortune,https://m.media-amazon.com/images/M/MV5BNTQ4YWFlNmYtZTQxOS00YTUwLThiZjItYmMxZDdjODcyYWRlXkEyXkFqcGc@.jpg,en,Cookiies,Fortune,EVIDENU,
Lovers of the Arctic Circle,https://m.media-amazon.com/images/M/MV5BMTM4ZDhjZWEtMDg4Yi00NGNlLWJhZmUtMjY0ZDI4NzllN2E0XkEyXkFqcGc@.jpg,en,IOVERS,"LUSH AND DREAMILY BEAUTIFLIL,",MADLY ROMANIIC !,
Life,https://m.media-amazon.com/images/M/MV5BZDhlMzJhMTgtN2FhZS00OWQ1LTk3Y2ItZGNiNTQ0ZmUzYmIzXkEyXkFqcGc@.jpg,cy,MAGICAL,MASTERPIECE,The Life of Chuck,
Friends Lovers,https://m.media-amazon.com/images/M/MV5BZDEyODFjYTItNTA3MS00NTA0LTk1YTAtZTEyZDhlZTJlZWUwXkEyXkFqcGc@.jpg,nl,Robert,LAGUNA,,
Hideous Kinky,https://m.media-amazon.com/images/M/MV5BYTRkMjZiMzMtMmJiNy00Y2JiLWEyMTUtYzRlYzg4YTU0ZWMxXkEyXkFqcGc@.jpg,fi,Marrakech Express,Hideous Kinky),SAID TAGHMAOUI,
Jeanne and the Perfect Guy,https://m.media-amazon.com/images/M/MV5BMDJhZGQxN2MtY2I2MC00MzQxLTkxYmYtZGFmMmZiN2UzMTU0XkEyXkFqcGc@.jpg,en,jeanhe,formidable,garcon,
The Joyriders,https://m.media-amazon.com/images/M/MV5BNWRhYTFhMzEtYzBiOC00MTkzLTlhODEtNTEyYjcxZmYxNGNhXkEyXkFqcGc@.jpg,en,JOYRIDERS,The,KRIS KRISTOFFERSON,
The Monster,https://m.media-amazon.com/images/M/MV5BODViOWNiOTItMjU3My00YTdhLWIxYTQtNjg5ZDI4ZGRmMmIwXkEyXkFqcGc@.jpg,en,MONSUR,BLANC,BENIGNI,
Fotoamator,https://m.media-amazon.com/images/M/MV5BMTQwMjk2MTI0M15BMl5BanBnXkFtZTcwNjQ1NjUzMQ@@.jpg,it,Expetience,TheJewish,From,
SLC Punk,https://m.media-amazon.com/images/M/MV5BNmQ1YWNkMDgtNjY3OC00MTcwLTljODktZmZjMTJkNmU5MDQzXkEyXkFqcGc@.jpg,fi,5,"Fear; Moondogg Ceneration X Adolescents, Fifi, The Velvet Underground and Dead Kennedys","plus classic bracks from Blondie, The Exploited, The Specials, The Stooges, Ramones,",
Pushing Tin,https://m.media-amazon.com/images/M/MV5BNjc4ZWI0YjktMDgyZS00MTUzLTllYTQtMjhhNzAyZmFkMTY0XkEyXkFqcGc@.jpg,tl,PUSHING,TIN,angelina JOLIE,
Election,https://m.media-amazon.com/images/M/MV5BMTVmMWJiMTgtNmNmMS00NmI2LTgxZTAtNjdhODE2NTBlYTAyXkEyXkFqcGc@.jpg,fr,Reading:,Writing-,Revenge.,
eXistenZ,https://m.media-amazon.com/images/M/MV5BZjk3MGRhN2EtN2IyYi00NjFkLWFmNTUtNWI3MzZiYjI2ZjRkXkEyXkFqcGc@.jpg,de,Play,Live It,Kill For It,
A Little Bit of Soul,https://m.media-amazon.com/images/M/MV5BMjAxODU5MTI1MV5BMl5BanBnXkFtZTcwNjU2NzAwMQ@@.jpg,en,GEOFFREY RUSH,id,devilish comedy,
Goliathon,https://m.media-amazon.com/images/M/MV5BMjU2YTM4NzMtMzkwMS00NmI3LTk1NjktZGFiNjVkZjViZGNjXkEyXkFqcGc@.jpg,cy,SB,,,
N,https://m.media-amazon.com/images/M/MV5BZmJkNGYzOGQtMDk5My00MTgzLThiMzMtZGVkZTZmNmYxNzU1XkEyXkFqcGc@.jpg,vi,RRIENDS,YOUR,NEIGHBORS,
Let It Come Down The Life of Paul Bowles,https://m.media-amazon.com/images/M/MV5BMjA1NTc1MDUwNF5BMl5BanBnXkFtZTcwMzgyNzgxMQ@@.jpg,en,"""Tehol",Paul Bowles,ZEITGEIST VIDEO,
Entrapment,https://m.media-amazon.com/images/M/MV5BZjliMDM0ZGQtMzA1Yy00MjZhLWI2NDgtODJhOWMyNTBlZDdhXkEyXkFqcGc@.jpg,ca,ENTRAPMENT,CATHERINE ZETAJONES,SEAN CONNERY,
Idle Hands,https://m.media-amazon.com/images/M/MV5BNzAxOWZlNjUtZjQwNC00OWEzLWJiYmUtMjI4MmUxYjUxOWZlXkEyXkFqcGc@.jpg,da,HAND,@ND His,9,
Get Real,https://m.media-amazon.com/images/M/MV5BYzM3N2EwYTctNmNkNS00Zjk0LWEwYzctY2I4MDRkMjBiNDBjXkEyXkFqcGc@.jpg,de,get,misunderstanding;,"sexuality; guilt,",
Heaven,https://m.media-amazon.com/images/M/MV5BMzdhNGZhMjQtYjVmNy00OWMyLTk1MmQtZGNhZDYwMzZlZjI3XkEyXkFqcGc@.jpg,nl,KINGDOMo HEAVEN,MAY,"JOHN MATHIESON, BSC",
Bian Lian,https://m.media-amazon.com/images/M/MV5BNTI5OGRiZjQtODJlOC00ZTRhLTgxOWEtMDkyNmI5MzRmZGIwXkEyXkFqcGc@.jpg,id,KING,MASKS,THE,
The Winslow Boy,https://m.media-amazon.com/images/M/MV5BMjYxNjdjZjMtZmY2My00ZTJhLTkxYmEtOWZlOWUxYWI4ZDM4XkEyXkFqcGc@.jpg,en,Wihslow,Boy,REBECCA,
Night of the Comet,https://m.media-amazon.com/images/M/MV5BZWUyM2IxMzItNDljNi00MWQ5LWI0ZTctOThmZjJiYjU3NWJiXkEyXkFqcGc@.jpg,en,0 F,C 0 M E T,thing on earth,
Chopping Mall,https://m.media-amazon.com/images/M/MV5BOTdkNDk3MDEtN2FkNi00NmFjLWI3MWUtZDMxMmY1ZDU2YTdkXkEyXkFqcGc@.jpg,tl,CPark,OMalk,Where Shopping Costs You,
The Mummy,https://m.media-amazon.com/images/M/MV5BMTY4YWE0OGMtNjU0Yi00YzIwLTk3NTktM2ZiYWQwNjM4MmMxXkEyXkFqcGc@.jpg,en,M Y,M U,T,
Mascara,https://m.media-amazon.com/images/M/MV5BZDMxY2Y1NTMtZjA3NS00YzVkLWE1MzktNWNkNDk4MWY2YjIwXkEyXkFqcGc@.jpg,pt,MASCARA,MICHAEL SARRAZIN,CHARLOTTE,
Xiu Xiu The Sent-Down Girl,https://m.media-amazon.com/images/M/MV5BMjE5NDk3MTQyNF5BMl5BanBnXkFtZTcwODIzNjgxMQ@@.jpg,en,Au,~,,
A Midsummer Night s Dream,https://m.media-amazon.com/images/M/MV5BNTlhNTQ3MzUtZDBjNi00YjRjLWExOTQtMTczYjM0MTkzYzI5XkEyXkFqcGc@.jpg,en,DREAM,NIGHTS,MIDSUMMER,
Trippin,https://m.media-amazon.com/images/M/MV5BMmI1MzE2YmMtYTc1ZC00MzAzLTkyMTMtMGY3NjQ1MWE3NDY0XkEyXkFqcGc@.jpg,tl,Hes,,,
After Life,https://m.media-amazon.com/images/M/MV5BNDVkNzU5ZjAtNjE5MC00YjBmLTk0NjAtYmFiOTk3MGIwZDlmXkEyXkFqcGc@.jpg,de,After Life,NETFLIX,SEASON 2,
Hak hap,https://m.media-amazon.com/images/M/MV5BNDBkZDc1YjAtMWJmNy00MGY2LTkzZTktNDYxMDU0ODc0MWJlXkEyXkFqcGc@.jpg,id,[,1,1,
Edge of Seventeen,https://m.media-amazon.com/images/M/MV5BODE2NjE4NjYyMV5BMl5BanBnXkFtZTgwNzk3MjQ0OTE@.jpg,nl,EDGEof,Seventeen,4,
Endurance,https://m.media-amazon.com/images/M/MV5BODMyYjgwYWUtYTFmMC00OGE2LTlmOWUtZjA1MDhjNGVmMmZkXkEyXkFqcGc@.jpg,es,ENDURANCE,NOV,hulu,
The Love Letter,https://m.media-amazon.com/images/M/MV5BZTdmZjkwNmUtNTgxNi00YzhmLWI5NmQtZjA0YTkyODkyYmU2XkEyXkFqcGc@.jpg,en,LETTER,OVE,THE,
Frogs for Snakes,https://m.media-amazon.com/images/M/MV5BMGE2MDMxZTctMDY5NS00ZTk2LWIyYmMtZjliNjJiOGNiYzllXkEyXkFqcGc@.jpg,no,SMAKES,HERSHEY,BARBARA,
Rekopis znaleziony w Saragossie,https://m.media-amazon.com/images/M/MV5BMzgwMzhmNGUtNGEyMy00N2E0LWI3ZGYtOGFjYjQ0NzJlNTc4XkEyXkFqcGc@.jpg,pl,REKOPIS,,,
The Mummy,https://m.media-amazon.com/images/M/MV5BMTY4YWE0OGMtNjU0Yi00YzIwLTk3NTktM2ZiYWQwNjM4MmMxXkEyXkFqcGc@.jpg,en,M Y,M U,T,
The Mummy s Curse,https://m.media-amazon.com/images/M/MV5BOWFlZjMzNzEtMzg1Ni00Yjk4LTkzNTUtNGExNGE2OTU4M2I4XkEyXkFqcGc@.jpg,en,INCORPORATED,,,
The Mummy s Ghost,https://m.media-amazon.com/images/M/MV5BOWFlZjMzNzEtMzg1Ni00Yjk4LTkzNTUtNGExNGE2OTU4M2I4XkEyXkFqcGc@.jpg,en,INCORPORATED,,,
The Mummy s Tomb,https://m.media-amazon.com/images/M/MV5BMzI5MmU5ZTQtZTk2Yy00NzYxLTg4YTktYmQwZTY5MDMzYzJlXkEyXkFqcGc@.jpg,en,,,,
Mommie Dearest,https://m.media-amazon.com/images/M/MV5BZTFkZjg1N2ItNDQxMS00MTNkLWE0MzgtNTU2MjJkNGI2ZTc0XkEyXkFqcGc@.jpg,fr,The illusion of perfection.,{oe,Faye Dunaway is Joan Crawford.,
Superman II,https://m.media-amazon.com/images/M/MV5BNzg5ZjJkNGEtNzhjNy00YzI4LTlkZjItNTViNmYxNGZlZWE2XkEyXkFqcGc@.jpg,id,MAN,The three outlaws from Krypton descend to Earth to confront,"the Man of Steel, in a cosmic battle for world supremacy.",
Superman III,https://m.media-amazon.com/images/M/MV5BYjcyN2E4NzQtYmUwZC00NmQ5LWJkMWUtMThjZGIwZGIwYzZmXkEyXkFqcGc@.jpg,id,ANNETTE OTOOLE,CHRISTOPHER REEVE,ROBERT VAUGHN a MARGOT KIDDER & Lois Lane,
Superman IV The Quest for Peace,https://m.media-amazon.com/images/M/MV5BZjhkODhlYjEtMDEyZS00YjZmLWJjMDctZGI3MGJiNDEyNTE2XkEyXkFqcGc@.jpg,en,PEACE,JOHN WILLIAMS,"In the best hands, it is dangerous.",
Dracula,https://m.media-amazon.com/images/M/MV5BY2U5OTYxZTUtZWFjZC00NjFmLWFhYjgtYzdjNDhmZWU3OTgxXkEyXkFqcGc@.jpg,ro,dracula,LUC BESSON,LENOUVEAU FILMDE,
House of Dracula,https://m.media-amazon.com/images/M/MV5BMWM0Mzg4MTctMDA4Ni00MmI5LWI5NzUtYWEyOTJlZGM4ZjEwXkEyXkFqcGc@.jpg,en,Dracula,LON,JOHN,
House of Frankenstein,https://m.media-amazon.com/images/M/MV5BNWJjOTZiODEtZWRhNS00NDI1LTliODMtNjZkNDJiYTI1OGU0XkEyXkFqcGc@.jpg,af,FRANKENSTEIN,HOUSE,OF,
Frankenstein Meets the Wolf Man,https://m.media-amazon.com/images/M/MV5BOTdlOGE3NzMtYzU1YS00ZWFkLTk0MDQtMjE3N2JhNjUzMWZiXkEyXkFqcGc@.jpg,nl,EIN,meeta,LON,
Son of Dracula,https://m.media-amazon.com/images/M/MV5BMzc3ODZkM2MtMzE5ZC00NDcyLTgyYWYtZTQ1Mzk3NGE5NDRlXkEyXkFqcGc@.jpg,en,DRACULA,Jo,5.,
Howling II ... Your Sister Is a Werewolf,,en,,,,No poster for 'Howling II ... Your Sister Is a Werewolf'
Tarantula,https://m.media-amazon.com/images/M/MV5BYjYzZDczYzYtMzhhOS00ZTZmLWEwMzQtMTFkZTZkYTc0MjMxXkEyXkFqcGc@.jpg,id,GIANT SPIDER STRIKES!,CRAWLING TERROR 100 FEET HIGH !,G. CARROLL,
The Flying Saucer,https://m.media-amazon.com/images/M/MV5BMjQ3ZDBkZjktODBkZS00YzdjLWJjNjAtODAyOTE5MGJjYjUxXkEyXkFqcGc@.jpg,en,Mikel Conrad . Pat Carrisoa - Hantz Von Teuffen,STREAKING OUT OF THE UNKNOWN (OMES A STRANGE NEW TERRORI,5/1z8,
The Thing from Another World,https://m.media-amazon.com/images/M/MV5BMTE0OWM5YzgtYTllZC00ZDc0LTg2YTctYTFlN2M5NTMxZDVhXkEyXkFqcGc@.jpg,en,HOWARD HAWKS',WaRninG!,Without,
It Came from Outer Space,https://m.media-amazon.com/images/M/MV5BOTUzNzM0MzQxMV5BMl5BanBnXkFtZTgwNTM5NDI1MDE@.jpg,en,3DIMENSIQN,AMAZING! EXCITINGI,Richard  CARLSON-Barbara RUSH,
The War of the Worlds,https://m.media-amazon.com/images/M/MV5BNDUyODAzNDI1Nl5BMl5BanBnXkFtZTcwMDA2NDAzMw@@.jpg,en,OF THE,T  0   M,M,
It Came from Beneath the Sea,https://m.media-amazon.com/images/M/MV5BNTE5MmJhZjctNzkzYi00YzU0LTlhMGMtM2Q5MWZmY2YyMmU3XkEyXkFqcGc@.jpg,en,BAME FROR BENEATH THE SEA,Out ot primordial depths to destroy the world!,RAY HARRYHAUSEN,
Earth vs. the Flying Saucers,https://m.media-amazon.com/images/M/MV5BMTUzOTQ2NzEyN15BMl5BanBnXkFtZTgwOTQyMjkyMjE@.jpg,en,SAUCEBS,HUGH MARLOWE ' JOAN TAYLOR,ATTACKT,
It Conquered the World,https://m.media-amazon.com/images/M/MV5BYjY2OGE4OWQtODZhYi00NGRhLTg5ZmEtNThjYzM1N2I1Yjg3XkEyXkFqcGc@.jpg,en,CONQUERED,THE,WORLD,
Swamp Thing,https://m.media-amazon.com/images/M/MV5BMGQzYzgxZWQtZmI3YS00YTIzLTk4NmQtMGE0YTdiNGNlZjYxXkEyXkFqcGc@.jpg,en,SWAMP,THING,THE CW SERIES PREMIERE TUE OCT 6 8/7c @,
Pork Chop Hill,https://m.media-amazon.com/images/M/MV5BYjhhNDU4ZGEtZTdkYS00MzhkLTk4M2QtYzFiOTEyYWExZjBhXkEyXkFqcGc@.jpg,nl,PECK,HILL,PORK,
Run Silent Run Deep,https://m.media-amazon.com/images/M/MV5BN2ZmNTFkNjAtODY1Yi00ODlhLWE0NzEtOWFhN2RiNzU4NzBhXkEyXkFqcGc@.jpg,nl,CuARKGABLE BURT LANCASTER,TERRIFICL,Inall the,
Notting Hill,https://m.media-amazon.com/images/M/MV5BZjY3YWI5OTMtYTdlNy00ZTZiLWEwYjItN2M1MGVkMDM4ZDExXkEyXkFqcGc@.jpg,sv,Notting,Hill,Hugh Grant,
The Loss of Sexual Innocence,https://m.media-amazon.com/images/M/MV5BZDZlZDk4MDgtYWVkYi00NTI1LWEzMmEtY2QyNjUyMjllOGFhXkEyXkFqcGc@.jpg,en,the loss of sexual innocence,knowledge interact,daring and innovative,
Twice Upon a Yesterday,https://m.media-amazon.com/images/M/MV5BNGM3ZDc4ZWMtMzJhYy00OWNmLWE0MTctZTk5NzNlYjFlM2U5XkEyXkFqcGc@.jpg,en,'TWICEUPONAYESTERD,or anyone who needs,HFNSHALL,
Instinct,https://m.media-amazon.com/images/M/MV5BZWYwYmQzYTctMjg5Ni00NWZkLWI5NzItZGFjMDM2NDkyNGZlXkEyXkFqcGc@.jpg,en,ERHOEVEU,,,
Buena Vista Social Club,https://m.media-amazon.com/images/M/MV5BMjZjZGRiNzktMjBmNS00NzUzLWI0NzMtYTYzYWZkNjU4OWE4XkEyXkFqcGc@.jpg,es,compay segundo,rubén gonzález,omara portuondo,
Desert Blue,https://m.media-amazon.com/images/M/MV5BMDQ5NzI3NDAtZGIxOC00ZmRjLWI0OWUtNWJkZmY2NWIxOWZhXkEyXkFqcGc@.jpg,de,desertlue,1,;,
Finding North,https://m.media-amazon.com/images/M/MV5BMjAxNzE5ODg3Ml5BMl5BanBnXkFtZTYwNDY1NTc4.jpg,en,NORTH,FINDING,,
Floating,https://m.media-amazon.com/images/M/MV5BNjk3OTUyNDYxM15BMl5BanBnXkFtZTcwODc2NjEyMQ@@.jpg,en,floating,Lowe,,
Free Enterprise,https://m.media-amazon.com/images/M/MV5BMjk0YzE4NzQtYjFjZi00MmI3LTlmMmEtNDNmNDI0NWQ4MGMyXkEyXkFqcGc@.jpg,nl,OWY ONE MAN,,,
Limbo,https://m.media-amazon.com/images/M/MV5BOTZlNThhMDYtMjg5NS00NDI2LTk3YTAtM2RjNTQ5YmMzM2ZmXkEyXkFqcGc@.jpg,sw,tiffe,"0blique,",73,
Austin Powers The Spy Who Shagged Me,https://m.media-amazon.com/images/M/MV5BY2I3ZTBjOGQtYjQ3My00M2RlLTk3MjgtOTVmMWExNmU3ZjBkXkEyXkFqcGc@.jpg,en,for the Family Jewels:,MY F R S,Now he's fighting,
Promise Her Anything,https://m.media-amazon.com/images/M/MV5BMTFlZTE2OWUtMDg0MS00NWM0LTllNWQtYzQ4ZWM0ZTlmNDA0XkEyXkFqcGc@.jpg,en,(lmings,Hen,picture,
Le nain rouge,https://m.media-amazon.com/images/M/MV5BMTg0ODQxNTU3MF5BMl5BanBnXkFtZTcwOTg0NDMyMQ@@.jpg,fr,RED,DWARF,THE,
The Red Violin,https://m.media-amazon.com/images/M/MV5BYmQ3Y2RjMDgtZTQ5Yi00NDJlLWFjZGEtZWM5NTVjN2EyNmNjXkEyXkFqcGc@.jpg,en,VI0 LIN,THE,RE D,
Tarzan,https://m.media-amazon.com/images/M/MV5BZjM5OWM5NzktMTIzYy00OTk1LWIyYzAtYzBhNWY3NWQ2Y2Y0XkEyXkFqcGc@.jpg,sw,CHRIS BUCK,KEVIN LIMA,PHIL COLLINS,
The General s Daughter,https://m.media-amazon.com/images/M/MV5BZGRhNzQzNjAtZWNhNi00NTMwLWJmNmQtMmUxOWU4YTE3YjA0XkEyXkFqcGc@.jpg,en,S-Rank Adventurer,My Daughter Left,the Nest and Returned an,
An Ideal Husband,https://m.media-amazon.com/images/M/MV5BMzBmNDg1YWItMzRmMS00YTIwLTg3NGMtNmQ2ZTU1NzJiOThmXkEyXkFqcGc@.jpg,en,LDEAL,AN,PARKER,
La leggenda del pianista sull oceano,https://m.media-amazon.com/images/M/MV5BNDg0ZTU4YTItZTI3My00ODNjLTllMTYtMzI3ZWNjYjU1NGM1XkEyXkFqcGc@.jpg,it,LEGEND,THE,OF,
Trekkies,https://m.media-amazon.com/images/M/MV5BY2IxOWFmN2MtNTBkOS00ZDllLWFlZjEtNzcxZjM2Y2FhN2RjXkEyXkFqcGc@.jpg,af,Something About,'Trekkies' is a hoot; the biggest laugh generator since,ALL NEW,
Big Daddy,https://m.media-amazon.com/images/M/MV5BZGQwMzAyMjEtYjNiNi00NWQwLThiNjQtY2Q2ZWQ5ZGIzMDI4XkEyXkFqcGc@.jpg,cy,JUNE 25,"Once you adopt a kid, you've",Look who answered,
The Boys,https://m.media-amazon.com/images/M/MV5BMWJlN2U5MzItNjU4My00NTM2LWFjOWUtOWFiNjg3ZTMxZDY1XkEyXkFqcGc@.jpg,en,me,New Season,JUNE 13,
The Dinner Game,https://m.media-amazon.com/images/M/MV5BMDc1NDM1NjAtOWIxMi00YTc1LWIyZWUtMzZkODkzYzQ1ZmU2XkEyXkFqcGc@.jpg,de,1,1,de,
My Son the Fanatic,https://m.media-amazon.com/images/M/MV5BNjk3ZDM5ZTUtZmI0Yi00MDM3LWE2OWQtM2I2ODYzYWRkNjRiXkEyXkFqcGc@.jpg,en,CG SON THE FANATIC,Ife,"INSIGHTFUL, COMPASSIONATE AND EXCEPTIONALLY RELEVANT""",
Zone 39,https://m.media-amazon.com/images/M/MV5BMTQ4NDQ5NzYwOV5BMl5BanBnXkFtZTcwNzg1NjcyMQ@@.jpg,it,ZONE 39,BOCk,PETER,
Arachnophobia,https://m.media-amazon.com/images/M/MV5BMjExNTcyMjI2Ml5BMl5BanBnXkFtZTgwMDgwNTg4NjE@.jpg,en,ARACHNOPHOBA,,,
South Park Bigger Longer Uncut,https://m.media-amazon.com/images/M/MV5BMDcyNDE4OWEtMjIzNi00OTdmLWIwMWEtNWU2ZjM4ZjA4YzNkXkEyXkFqcGc@.jpg,en,UH-OH,OHLY IK THEATRES JUHE 30,,
Wild Wild West,https://m.media-amazon.com/images/M/MV5BOGI1OWJjMWUtOTNiNC00N2RlLWE3OTYtM2FmOGUzNTQxNzk2XkEyXkFqcGc@.jpg,de,WILL SMITH,JAMES WEST;,AND,
Summer of Sam,https://m.media-amazon.com/images/M/MV5BZmI0OTZiNWYtMzhkNS00ZmVhLWIyY2MtZmNkNGE0NjM2ZmYyXkEyXkFqcGc@.jpg,en,M,WANTED,44 KILLERS,
Broken Vessels,https://m.media-amazon.com/images/M/MV5BNjY2ZWY2NmYtYTQ4ZS00OTUzLWE2ZjYtZDZjNzc4NDg3NTMzXkEyXkFqcGc@.jpg,no,JASONLONDON,TODD FIELD,FOR SCREENING PURPOSES ONLY,
The Lovers on the Bridge,https://m.media-amazon.com/images/M/MV5BNmYyZTUyNDctNmYwYi00OTIxLWIzMDQtNTRkZDE0MGI3MmVkXkEyXkFqcGc@.jpg,en,JULIETTE BINOCHE,LEOS CARAX,DENIS LAVANT,
Late August Early September,,en,,,,No poster for 'Late August Early September'
American Pie,https://m.media-amazon.com/images/M/MV5BMTg3ODY5ODI1NF5BMl5BanBnXkFtZTgwMTkxNTYxMTE@.jpg,en,There's something,your first jigce,WWWamericanpiemovie com,
Arlington Road,https://m.media-amazon.com/images/M/MV5BMTlmYzA4NGItZTdlMS00YTU1LWEyNjQtNGNiN2M4OWYyOTRlXkEyXkFqcGc@.jpg,en,FEAR THY NEIGHBOR,AT THEATRES SOON,R,
Autumn Tale,https://m.media-amazon.com/images/M/MV5BZjRmMmUwMDctMDcwYS00ZGJlLWJkMzYtNTBjMDEzNzhjYmIyXkEyXkFqcGc@.jpg,et,CONTE,DAUTOMINE,ERIC ROHMER,
The Blair Witch Project,https://m.media-amazon.com/images/M/MV5BNGFmYzA5NzktOTc1Ni00YTIxLWJiZTEtNmEyZjBjNDM2MjRlXkEyXkFqcGc@.jpg,en,THE BLAIR WITCH PROJECT,shooting,footage `,
My Life So Far,https://m.media-amazon.com/images/M/MV5BMWYyN2ZiZWYtZWIzNi00MzNkLWE4YjAtZWQ4M2M3ZGM1Y2YxXkEyXkFqcGc@.jpg,en,LIFE SO FAR,triemphant,MASTRANTONIO,
The Wood,https://m.media-amazon.com/images/M/MV5BZTU4YWU0ZWItODg1MC00OGRjLTk0MjAtYmVhNTQxZGI1MTQ0XkEyXkFqcGc@.jpg,en,WOOD,THE,,
The Velocity of Gary,https://m.media-amazon.com/images/M/MV5BNWQyOGU4ZTEtNzM0ZC00ZjQxLWEyMTYtNjliODMyNzM0OGQ5XkEyXkFqcGc@.jpg,en,OF,GARL,THE,
Ghostbusters,https://m.media-amazon.com/images/M/MV5BMGI0Yjg2ODAtNDYzNi00Njc2LTlkMmMtMmRmYWI5MDE4ZGRkXkEyXkFqcGc@.jpg,en,WHO YA GONNA CALL?,BILL MURRAY  DAN AYKROYD,SIGOURNEY WEAVER,
Ghostbusters II,https://m.media-amazon.com/images/M/MV5BZThjODU5NTMtMWJiNC00NjNkLWJmM2YtM2EzNDg3NjMxYjU5XkEyXkFqcGc@.jpg,en,"JUNE 16, 1989",DAN AYKROYD,SIGOURNEY WEAVER,
Drop Dead Gorgeous,https://m.media-amazon.com/images/M/MV5BZGNiMmMwZDMtMTVhNS00ODExLTgxMTgtMmEwYWU1YTNiYzVkXkEyXkFqcGc@.jpg,nl,@~,7,2,
The Haunting,https://m.media-amazon.com/images/M/MV5BMTU4NzA4MDEwNF5BMl5BanBnXkFtZTgwMTQxODYzNjM@.jpg,en,NNETFLIX,0 F,H 0 U $ E,
Inspector Gadget,https://m.media-amazon.com/images/M/MV5BZDJlODc3NWItODA4MC00ODhiLTllNjMtMzI0ZWFiZDUxODM2XkEyXkFqcGc@.jpg,en,{,INSPECIUR,MATTHEW BRODERICK,
Trick,https://m.media-amazon.com/images/M/MV5BMWFhZWM1N2MtZTFhYS00MGJhLWIwNzMtY2RjOGFhMGY4NGI3XkEyXkFqcGc@.jpg,sk,Trying,Story,Big City,
Deep Blue Sea,https://m.media-amazon.com/images/M/MV5BMTM5OTUyYWYtMGE2OS00ODEzLTk0ZjctZmQ5NzFlNWQ3OTAxXkEyXkFqcGc@.jpg,nl,DEEP BLWE SEA,,,
Mystery Men,https://m.media-amazon.com/images/M/MV5BNThiMzQ3ZmUtYzRmMS00Njg2LWEzM2EtNGI3ZTAwNmFiOTlkXkEyXkFqcGc@.jpg,en,9,UNIVERSAL,,
Runaway Bride,https://m.media-amazon.com/images/M/MV5BNzBjNjBhN2YtYzQwNi00OTVkLWFkNTMtNjU0OWFkNTFmZGQ4XkEyXkFqcGc@.jpg,tl,RUNAWAYBRIDE,9,,
Twin Falls Idaho,https://m.media-amazon.com/images/M/MV5BNjkzODkxN2QtOTE0Ni00ZDgxLTkxMjUtYTM2NGMyMmNhYWNhXkEyXkFqcGc@.jpg,en,twin falls idaho,story:,A different kind of love,
Spartacus,https://m.media-amazon.com/images/M/MV5BNTc4ZjlkNjUtOWZlMS00ODQ0LTg2MWUtMjBkNjMwOTJkOWZmXkEyXkFqcGc@.jpg,ro,SPARTACUS,BLCOD,AND SAND,
Barry Lyndon,https://m.media-amazon.com/images/M/MV5BNmM2MGQ5Y2UtYzA3ZC00ZDJlLTkwNDYtMjBmZGExZDJiN2RlXkEyXkFqcGc@.jpg,cy,STANLEY KUBRICK,STANLEY KUBRICK,OSCARS,
The 400 Blows,https://m.media-amazon.com/images/M/MV5BOTU3YTM0YzQtMmFlOS00OTIxLWFmZjctMDJkOGQxNTVhODM3XkEyXkFqcGc@.jpg,en,LA,MARCEL MOUSSY,FRANCOIS TRUFFAUT,
Jules and Jim,https://m.media-amazon.com/images/M/MV5BM2Y0NmFlMmUtOTgwOC00MjVlLTk3NGEtZWNmYWZlMmI3ODBlXkEyXkFqcGc@.jpg,en,JIM,JULES,et,
Vibes,https://m.media-amazon.com/images/M/MV5BMmQ3YmUxNTYtNmI5YS00YTM5LWEzMTgtNTIzM2EwYzgxMzI4XkEyXkFqcGc@.jpg,de,BES,PUT YOUR HANDS ON OUR HANDS,CYNDI LAUPER,
The Mosquito Coast,https://m.media-amazon.com/images/M/MV5BMjMzZjQwZTctOTQ1Ny00NmVjLWJjNzYtM2EzMzQyYWQ5ODU4XkEyXkFqcGc@.jpg,en,Coast,Mosquito,The,
The Golden Child,https://m.media-amazon.com/images/M/MV5BZDc1ODAwZjItMjE1Yy00ZTczLWI4ODUtYTNlN2ViNWI4MGI0XkEyXkFqcGc@.jpg,en,THE,CHILD,GOLDEN,
Assassination,,fi,,,,No poster for 'Assassination'
Crimes of the Heart,https://m.media-amazon.com/images/M/MV5BN2JhMmNjMjMtYmNmNC00MGFjLTkwYzUtNGE0YjhlMGQzMGVhXkEyXkFqcGc@.jpg,en,SAM SHEPARD,Meg,DIANE,
The Color Purple,https://m.media-amazon.com/images/M/MV5BM2MyZjBlMGItNThkMi00YWExLThlZmUtZmI2MGM3YWE3YTY1XkEyXkFqcGc@.jpg,en,Purple,Color,The,
The Kindred,https://m.media-amazon.com/images/M/MV5BNmMxNjE3MzgtMGVmOC00OTBjLWIxMTktMmFjYmM1NTRjMDM1XkEyXkFqcGc@.jpg,en,KINDRED,THE,Anthony didntask,
No Mercy,https://m.media-amazon.com/images/M/MV5BMTk0MDQwNTM4Nl5BMl5BanBnXkFtZTgwMTc3MDE0MjE@.jpg,en,Rather,,,
Native Son,https://m.media-amazon.com/images/M/MV5BN2Q2NzA3OTAtZDdhOS00NmU1LTg5ZjYtZjJkNjZhNGVhMjY2XkEyXkFqcGc@.jpg,en,Native Son,HBO,APR 6 IOPM,
The Mission,https://m.media-amazon.com/images/M/MV5BZGQ5NGEyYTItMjNiMi00Y2EwLTkzOWItMjc5YjJiMjMyNTI0XkEyXkFqcGc@.jpg,en,MISSION: IMPOSSIBLE,CRUISE,TOM,
Allan Quatermain and the Lost City of Gold,https://m.media-amazon.com/images/M/MV5BMGQyYWJmNGQtOGUyZC00NThkLWEwMmUtMTgxODc3Zjg0MDE0XkEyXkFqcGc@.jpg,en,(hamberlain,Richard,Stone,
The Morning After,https://m.media-amazon.com/images/M/MV5BMjQ5ZTkxMDItMGE1Mi00YzlhLThmYTgtYTI0OWVlZDNjNzM3XkEyXkFqcGc@.jpg,en,JANE FONDA  JEFF BRIDGES,THE MORNINGAFTER,hope,
Radio Days,https://m.media-amazon.com/images/M/MV5BMTYwNDg1NDYzOF5BMl5BanBnXkFtZTcwMDIwMzg4NA@@.jpg,so,R A D,D A YI,,
From the Hip,https://m.media-amazon.com/images/M/MV5BYWU2YTM2ZjMtMzgyNS00NWEyLWJlOGYtYTQ5NjkzODhhMTNjXkEyXkFqcGc@.jpg,en,FrOM,GETTING TO THE TOP MEANS,LIKE A DOG,
Outrageous Fortune,https://m.media-amazon.com/images/M/MV5BMTY0YjhiNGMtZjQzZS00NTJhLWEwZTEtMjMxM2ZhM2VlMTZhXkEyXkFqcGc@.jpg,fr,FORTUNE,,,
Deadtime Stories,https://m.media-amazon.com/images/M/MV5BNjMxN2U3NTAtYzgwNi00NmMyLTkzNjMtMTZmOWZiOGRhNDk5XkEyXkFqcGc@.jpg,de,terrifying nightmares,You'Il pray for dawn,now come to life,
Light of Day,https://m.media-amazon.com/images/M/MV5BZThiY2RhNTAtNTk5ZC00MWNjLTkyYTctODk2NWIwY2JhNDZlXkEyXkFqcGc@.jpg,en,GENA ROWLANDS   JOAN JLTT,MICHAEL JFOX,closing,
Wanted Dead or Alive,https://m.media-amazon.com/images/M/MV5BZDg3NWU5NTgtMTdjZC00YmYwLTk1N2YtNTE2NjFkMDIwZTI2XkEyXkFqcGc@.jpg,en,WANTFD:,WANTED,MCCANLES,
Frances,https://m.media-amazon.com/images/M/MV5BOTY0NDQ2NzQ2N15BMl5BanBnXkFtZTcwMTU0OTkwOQ@@.jpg,fr,Francës,1a,T T,
Plenty,https://m.media-amazon.com/images/M/MV5BNmY4N2Y0YzktZjVkZi00OGYwLThjYmYtNDFiNzM0NzNiM2JjXkEyXkFqcGc@.jpg,en,Meryl Streep,for nothing less.,of passion.,
The Iron Giant,https://m.media-amazon.com/images/M/MV5BODM4ZjZjMGEtYmFiMy00MThjLWIzZjUtMDU0ODg1NTI2MzIwXkEyXkFqcGc@.jpg,en,MNHT,IT CAME FROM OUTER SPACEI,AvG 6,
The Sixth Sense,https://m.media-amazon.com/images/M/MV5BZWQ2OTY0M2UtMTQxNC00MmIzLTllNDQtNDQ0MTQyYzI2M2ZiXkEyXkFqcGc@.jpg,en,Tou(h,Tastf,Sigh,
The Thomas Crown Affair,https://m.media-amazon.com/images/M/MV5BOTEyMjkzYmYtMDJkNi00NjFiLTlmNDgtMWIzOTUyZDJkZmMxXkEyXkFqcGc@.jpg,en,AFFAIR,RENE RUSSO,PIERCE BROSNAN,
The Thomas Crown Affair,https://m.media-amazon.com/images/M/MV5BOTEyMjkzYmYtMDJkNi00NjFiLTlmNDgtMWIzOTUyZDJkZmMxXkEyXkFqcGc@.jpg,en,AFFAIR,RENE RUSSO,PIERCE BROSNAN,
The Acid House,https://m.media-amazon.com/images/M/MV5BNTQ0ODVlZjYtZDNjMy00ZDI4LWE2MmItODE5NmYyODg1ZTE4XkEyXkFqcGc@.jpg,en,The Acid House,100%,youth,
The Adventures of Sebastian Cole,https://m.media-amazon.com/images/M/MV5BOWY3ZGUzYWItZWZkMC00ZDIwLTkzNWUtNjRiZTliOTViNmE0XkEyXkFqcGc@.jpg,en,COLEL,SEBASTHAN,THE ADVENTURES OF,
Stiff Upper Lips,https://m.media-amazon.com/images/M/MV5BMThmZGU0NTMtNjllOC00YzUxLWI2MzgtZTg1ZTRhZmY5Y2VmXkEyXkFqcGc@.jpg,da,Uppe,Lips,Stiff,
The Yards,https://m.media-amazon.com/images/M/MV5BNTk4OTZlOGQtMWQ4ZS00ZWViLWJhY2QtMjkxZjUyMGEwNWE0XkEyXkFqcGc@.jpg,en,YARDS,"""SENSATIONALLYTHRILLING;",THE,
Bowfinger,https://m.media-amazon.com/images/M/MV5BOGVjOTM3NDEtMTE4Zi00OTVkLTkyYTYtNTk0OWY4NDAxZjRkXkEyXkFqcGc@.jpg,de,STEVE MARTIN,EDDIE MURPHY,Together for tjle jirst time.,
Brokedown Palace,https://m.media-amazon.com/images/M/MV5BNDM1NmViY2QtMWZlZC00OTVkLTg0ZjEtMzQzOGNlMDM3OGMyXkEyXkFqcGc@.jpg,en,brokedown palace,august 13,Claire Danes,
Detroit Rock City,https://m.media-amazon.com/images/M/MV5BZTA4MDM5OGItMGE5YS00YTEyLTk3ZTEtM2I3ZjMzODM3NzA5XkEyXkFqcGc@.jpg,en,0,KISS THE RULES GOODBYE,,
Alice et Martin,https://m.media-amazon.com/images/M/MV5BYzQ2ZDM1YjUtMTMyYy00ODE1LTk2MDAtMWQ2YWFjMzU1YWYxXkEyXkFqcGc@.jpg,fr,Alice,Martin,et,
Better Than Chocolate,https://m.media-amazon.com/images/M/MV5BMTQzMTA2MTQwNF5BMl5BanBnXkFtZTYwMjg5NzQ3.jpg,en,,,,
Head On,https://m.media-amazon.com/images/M/MV5BMTMyNDhjZmYtNjY0Yy00N2M4LTlmNmUtNWY1MThmYmRmNTMxXkEyXkFqcGc@.jpg,en,BIROL UNEL,SIBEL KEKILLI,54,
Cobra,https://m.media-amazon.com/images/M/MV5BYjA3NDkwNzktNjJkYi00ODNhLWFhYzQtYzk5NjU4MDM0OWZmXkEyXkFqcGc@.jpg,es,NETFLIX,PART 1 JULY 18,TWO LEGENDS. ONE DOJO,
Never Talk to Strangers,https://m.media-amazon.com/images/M/MV5BNDIyM2U0OTYtZjY2MS00NTc2LTllZGEtMTA5NDFhNDFiYmM3XkEyXkFqcGc@.jpg,no,NEVER,TALK TO STRANGERS,Re B ECCA DE MoRNAY,
The Raven,https://m.media-amazon.com/images/M/MV5BZTA1NjdmZmItZTUxZS00YWI4LWFlODUtMmIyMWRhNWRiN2MyXkEyXkFqcGc@.jpg,en,SNIPER,GROUP,UKRAINIAN STATE,
The Tingler,https://m.media-amazon.com/images/M/MV5BZWZmN2VlMmEtN2EyNy00YTQ0LWI1OGQtYjhmNjhkNDAyMzhjXkEyXkFqcGc@.jpg,en,The Tingler,WHEN THE SCREEN SCREAMS,IF YOU VALUE YOUR LIFE!,
Pit and the Pendulum,https://m.media-amazon.com/images/M/MV5BZDBiNjRhMDctMDA5Zi00YmVkLWEzMTMtMGU5NjI5MTE4Y2E0XkEyXkFqcGc@.jpg,en,PIT,Edgar,PENDUULUM,
The Tomb of Ligeia,https://m.media-amazon.com/images/M/MV5BNjgxNTM0Nzk0OV5BMl5BanBnXkFtZTcwMTgyMTM4NA@@.jpg,en,LGBJA,wedding hight,"loved with the ""Female Thing""",
The Masque of the Red Death,,en,,,,No poster for 'The Masque of the Red Death'
Tales of Terror,https://m.media-amazon.com/images/M/MV5BN2ZkMzg1NWMtMzg0YS00NThiLTllMGMtYjUwMTlhYzc5MTdkXkEyXkFqcGc@.jpg,en,TeRROR,COLOR,VINCENT PRICE,
Cat s Eye,https://m.media-amazon.com/images/M/MV5BM2JjMWI1M2YtYWEyMS00MmFlLTljMzgtZWNjNTA1ZTk2OWU1XkEyXkFqcGc@.jpg,en,EYES,,,
Damien Omen II,https://m.media-amazon.com/images/M/MV5BODBiODQ3N2UtNWY1NS00MDA1LWIyNjgtNTdmZjRlNzg1ZjIxXkEyXkFqcGc@.jpg,de,OMEN I,DAMEN,The first time was only a warning.,
The Final Conflict,https://m.media-amazon.com/images/M/MV5BZmJkNDYzNzktZThmNC00MmRjLTliMzgtOWY2ZmI1ZTkwYTAyXkEyXkFqcGc@.jpg,en,THEFINALCONFLICT,THE,OF,
Airplane II The Sequel,https://m.media-amazon.com/images/M/MV5BYTdhM2JiMDItN2EwNi00YzIzLWE0ZGYtNjk1YzhlY2QxZTNlXkEyXkFqcGc@.jpg,en,KIppLane,0,THE,
An American Werewolf in Paris,https://m.media-amazon.com/images/M/MV5BOTc0MjBjY2QtYThlZS00MGM0LWFjMjEtMzA4ZTg2MWNmMTg5XkEyXkFqcGc@.jpg,en,AnAmericanWNerewolfinParis,Things,are about to get a little hairy:,
National Lampoon s European Vacation,https://m.media-amazon.com/images/M/MV5BNGIwMGZlZDUtOWVlNS00Nzg3LWI2MjUtZTUxYjVmNTVlZTE0XkEyXkFqcGc@.jpg,en,EJROPEAn,A,,
National Lampoon s Vacation,https://m.media-amazon.com/images/M/MV5BOWQ3ZTg3MzYtOGU0Yi00NjgyLWFkNmMtMWFlZWE3MTkyOTdlXkEyXkFqcGc@.jpg,en,Special Appearance by_JOHN CANDY]  And introducing CHRISTIE BRINKLEY   Original Music by RALPH BURKS,Every summer Chevy Chase takes his family on a little trip:,Screenplay by JOHN HUGHES   Produced by MATTY SIMMONS   Directed by HAROLD RAHIS,
Funny Farm,https://m.media-amazon.com/images/M/MV5BNTg5OWE5NDQtODE0Mi00Nzg3LWI0YTYtYjc4YjVhNTlmMzY3XkEyXkFqcGc@.jpg,cy,EHASE,FUNNJ,FARM,
Big,https://m.media-amazon.com/images/M/MV5BMTU0YjUyNDctYmM0OC00OWU5LWJmNTMtODY5Njc4MzVlMWE2XkEyXkFqcGc@.jpg,tl,NETFLIX,MAY 23,THE FINAL SEASON,
Problem Child,https://m.media-amazon.com/images/M/MV5BMDllZDU1NzctM2I3NC00MDBmLTg4NGYtNmIzOTU1NTc3ZDFjXkEyXkFqcGc@.jpg,en,PROBLEMCHILD,They were all seven once:,Attila the Hun:,
Problem Child 2,https://m.media-amazon.com/images/M/MV5BMWRkZGVmZTItYWQ0MS00YzhlLWJkMTEtZDcwMThiYTcwYzAzXkEyXkFqcGc@.jpg,en,PROBLEM CHILD 2,"This summer; Junior has a brand new friend,",Hesbad Shes worse,
Little Nemo Adventures in Slumberland,,en,,,,No poster for 'Little Nemo Adventures in Slumberland'
Oscar and Lucinda,https://m.media-amazon.com/images/M/MV5BMzM4MjJmMGEtNmRjMi00NGUyLTg3YjItZGEzYmNlMWY3NzRmXkEyXkFqcGc@.jpg,pt,LUCINDA,PALPH FIENNES,CATE BLANCHETT,
Teaching Mrs. Tingle,https://m.media-amazon.com/images/M/MV5BNGNiNTc5YTEtMTY3Zi00NjZjLWI2MDItNDk0NDU0MmQyNDEzXkEyXkFqcGc@.jpg,en,TO GET TAUGHT A LESSON,WICKED NEW FILMFROM KEVIN WILLIAMSON,DIMENSION,
Love Stinks,https://m.media-amazon.com/images/M/MV5BMzg0YjQ4NzktMjQ3OS00YzNmLWJjNWItYWM1OThmZDJhOTI5XkEyXkFqcGc@.jpg,da,LOVE,FRENCH STEWART,TYRA BANKS,
Perfect Blue,https://m.media-amazon.com/images/M/MV5BMzAwNDIzMzEtZDZkNC00ZDQ4LTk3ZDMtZjVhMTU2YzgzZTZiXkEyXkFqcGc@.jpg,en,PERFECT BLUE,A SATOSHI KON,FILM,
In Too Deep,https://m.media-amazon.com/images/M/MV5BYjc4ZmViMzYtMDFhMi00MDg4LTljNzAtZGZiMjk3NjYwMDAyXkEyXkFqcGc@.jpg,nl,@,Stanley Tuccl,Omar Epps,
The Source The Story of the Beats and the Beat Generation,https://m.media-amazon.com/images/M/MV5BMTk4NjUxMzgxNV5BMl5BanBnXkFtZTcwMzYwNzYxMQ@@.jpg,en,"""A Must-See Illuminales Decades","ol Bohemian Aclivism: Exhllaraling""",,
Iron Eagle,https://m.media-amazon.com/images/M/MV5BNTA5ZmE1OWUtYjk1My00ZDQ0LWJiMGYtMGQwZTkwZTRiZDI1XkEyXkFqcGc@.jpg,en,Doug,ot beingan American,,
Iron Eagle II,https://m.media-amazon.com/images/M/MV5BNTZmYjNlNWUtODlhOS00MWVlLTk5OTYtYTY1YzJjNDY4YzAyXkEyXkFqcGc@.jpg,en,holding the word hostage:,General Chappy Sinclair is leading a squadron o,American and Russian renegades against an outlaw nation,
Iron Eagle IV,https://m.media-amazon.com/images/M/MV5BYTEzZGJhMDgtZGFjYi00Zjk2LWE3MDYtZDc2NjFjZTkyYjkxXkEyXkFqcGc@.jpg,en,EAGLB,IRON,BACK,
Hamlet,https://m.media-amazon.com/images/M/MV5BNGNjM2NkMmItMjg4YS00OWZiLTk4ZTAtMTUzMzhkNTUxZDc5XkEyXkFqcGc@.jpg,tr,Gerard Depardieu,Jack Lemmon,Billy Crystal,
Male and Female,https://m.media-amazon.com/images/M/MV5BOTIzM2JkNWYtMTQyNC00N2Q2LTk1NjMtMzE4MDg0YTUyNTYwXkEyXkFqcGc@.jpg,en,MALE,GLORIA,SWANSON,
Medicine Man,https://m.media-amazon.com/images/M/MV5BYmU0NDc3N2QtMDkwYy00NTdkLTg5NzgtZjQ5MThjOTUyOWNjXkEyXkFqcGc@.jpg,it,Medicine,Man,B R A C C 0,
Die Spinnen 1. Teil - Der Goldene See,https://m.media-amazon.com/images/M/MV5BMWVkNzdiM2EtY2MzNi00N2M1LTk0NTAtOGRkNjRiOGMzZmQ2XkEyXkFqcGc@.jpg,de,goldene,Jee',,
On the Ropes,https://m.media-amazon.com/images/M/MV5BMGE0ZTQ5NGUtZGI4Mi00ZjVmLTg1MzItMDhjZTcyM2YzZDhhXkEyXkFqcGc@.jpg,en,ALL FIGHTS,NOT,ARE IN THE,
Rosie,https://m.media-amazon.com/images/M/MV5BMTk0Mzg1MTU1MF5BMl5BanBnXkFtZTgwMjU3ODI2MzE@.jpg,af,COLLINS,CLAFLIN,Sometimes,
The 13th Warrior,https://m.media-amazon.com/images/M/MV5BY2IwMTYyNjctYzhjZi00Y2Y3LWE3NjktMGVjMjFhNzk0NWFjXkEyXkFqcGc@.jpg,en,WARRIOR,13TH,THE,
The Astronaut s Wife,,en,,,,No poster for 'The Astronaut s Wife'
Dudley Do-Right,https://m.media-amazon.com/images/M/MV5BYTkyOGFiMTMtMjc1NC00Yzc2LWFlZmQtMDM4ZTU3YjhjYzE4XkEyXkFqcGc@.jpg,en,DUDLEv,'George ot,the Jungle,
Bure baruta,https://m.media-amazon.com/images/M/MV5BNWIwN2ZkODQtMmNiYy00ZGU3LWE0ZDctN2ZiZTg4M2MyMWZhXkEyXkFqcGc@.jpg,id,BALKAN,WINNER,CABARET,
A Dog of Flanders,https://m.media-amazon.com/images/M/MV5BMjA2YzZjN2QtMWJhMi00Njg5LWEyMmItODVhMTAwYmE3MTJiXkEyXkFqcGc@.jpg,da,ITs,YOURE,Its,
The Lost Son,https://m.media-amazon.com/images/M/MV5BZjZjZjkyMWMtMDE0NS00NWFkLThlMDEtMjNhOTA2MjhiZmQwXkEyXkFqcGc@.jpg,en,the,SON,,
Lucie Aubrac,https://m.media-amazon.com/images/M/MV5BZTk4NDA1MzItNzJmYi00YjE3LWI2ZTctMmE3ZWM5MWE3OTUzXkEyXkFqcGc@.jpg,es,5,CAROLE BouQUET,DANIEL AUTEUIL,
Chill Factor,https://m.media-amazon.com/images/M/MV5BNGU0ZmQ3YTgtODI0NS00OWQ5LTk3YWItODhkYzQ0OWViN2ViXkEyXkFqcGc@.jpg,en,FactoR,CHILL,gooding;,
Outside Providence,https://m.media-amazon.com/images/M/MV5BMTMyODE2NjA0Nl5BMl5BanBnXkFtZTcwNzIzODgxMQ@@.jpg,pt,"""Sidesplittingly",Iil,,
I Woke Up Early the Day I Died,https://m.media-amazon.com/images/M/MV5BN2RiNGIxZmYtNDA3NS00NGY0LTk3YzItZDc3YTg0NjJjOGNkXkEyXkFqcGc@.jpg,en,ED,S,BIBD,
Stigmata,https://m.media-amazon.com/images/M/MV5BMTQwMDA1NzI4OV5BMl5BanBnXkFtZTcwNzM4MjM3NA@@.jpg,tl,STIGMATA,4,THE MESSENGER MUST BE SILENCED,
Stir of Echoes,https://m.media-amazon.com/images/M/MV5BY2FkMzA3MzQtMjQ1Mi00NjI1LTlhNTYtNjQ3ODEwOWY1MDUxXkEyXkFqcGc@.jpg,en,opened.,Some'doors,weren't meant,
Best Laid Plans,https://m.media-amazon.com/images/M/MV5BYWJiMjEyM2EtMWEwZC00MWFjLTg5ZTctMzBkYjgxNjhlZWI3XkEyXkFqcGc@.jpg,de,LAID,BEST,PLANS,
Black Cat White Cat,,en,,,,No poster for 'Black Cat White Cat'
The Minus Man,https://m.media-amazon.com/images/M/MV5BMGQ2YWMyMWUtYjZlYy00OGZlLWI4MjItYjNmZjM5YTExNDI3XkEyXkFqcGc@.jpg,en,AInug,Han,the,
The Adventures of Milo and Otis,https://m.media-amazon.com/images/M/MV5BYWIwNDRlZjQtODQ2Yy00ZTFkLWFlMzctYzk2MWQ2OWQzOTk3XkEyXkFqcGc@.jpg,en,OTS,Mizo,ninelives andabest friend.,
Only Angels Have Wings,https://m.media-amazon.com/images/M/MV5BMDE0ZDk3MjQtOTE5Ny00MTM3LWIyNGUtZWZjOWU0YmE3NGI1XkEyXkFqcGc@.jpg,en,ONLY ANCELS,HAVE WINCS,PICTURE,
Othello,https://m.media-amazon.com/images/M/MV5BOWM4MjQ3MGEtMGNmYS00NjJhLWFhMTUtOTg4N2Y3N2FjZjE5XkEyXkFqcGc@.jpg,en,ORSON WELLES,magnificent screening of,immortal tragedy .,
Queens Logic,https://m.media-amazon.com/images/M/MV5BOGRiOGRiNzgtM2IyMS00NzU5LTkxMDktMWRhMzUyNTI5YWM3XkEyXkFqcGc@.jpg,fr,QUEENS LOGIC,"extremely enjoyable comedy""","""Its a fun movie...quirky and",
Public Access,https://m.media-amazon.com/images/M/MV5BMjI4N2Q5OGQtODE3ZS00ZTM3LWFlODUtZTFlYzkxYWMzYzk5XkEyXkFqcGc@.jpg,en,PUBLIC,ACCESS,What's wrong in Brewster?,
Saturn 3,https://m.media-amazon.com/images/M/MV5BMzc1NjVmNGEtMzU2ZS00MjI5LWJhODYtMzMzN2VkNjc2NTU3XkEyXkFqcGc@.jpg,en,1,watching,thing,
A Soldier s Story,https://m.media-amazon.com/images/M/MV5BMTg0NjY2MjMzOV5BMl5BanBnXkFtZTgwODgxNTI5NjE@.jpg,en,A 60'$ LOVE STORY,IAN HARDING,NNA LYNCH,
The Forgotten,https://m.media-amazon.com/images/M/MV5BMjAwMjIyNjU4NV5BMl5BanBnXkFtZTcwNjE3NjYyMQ@@.jpg,en,,,,
Nightmares,https://m.media-amazon.com/images/M/MV5BMjUxNzhiYWEtMTUzMS00Y2RhLWFhOWUtODNmMDM2OTBkMWZkXkEyXkFqcGc@.jpg,en,NIGHTMARES,,,
I Saw What You Did,https://m.media-amazon.com/images/M/MV5BZDI2YjkyNWItMTI5Yi00YzY2LTgyZDQtNGQyNzg5YzY0NjU5XkEyXkFqcGc@.jpg,en,JOAN CRAWFORD,DID,UXORICIDEL',
Yellow Submarine,https://m.media-amazon.com/images/M/MV5BYWI1MGU0ZGQtMGUwYS00M2IxLThkZmMtZDM3M2NhNzdjOTFjXkEyXkFqcGc@.jpg,en,The Beatles,Subanarine',Yellowv,
Blue Streak,https://m.media-amazon.com/images/M/MV5BY2RmODQxZmQtZjAzYy00MWQxLWFmN2MtMWJiOGIxOGQxOWU4XkEyXkFqcGc@.jpg,en,BLUE,,,
For Love of the Game,https://m.media-amazon.com/images/M/MV5BNjA5ZDZkMTctYmVhOC00ZDQzLWE3MTctNWIyZmRhOGZhMDM4XkEyXkFqcGc@.jpg,en,FOR LOVE OF THE GAME,9,THIS FALL,
Caligula,https://m.media-amazon.com/images/M/MV5BYjllZjhiZWUtMTM1OC00YWJkLWJkOWUtMWZlNzBhNjM2M2QxXkEyXkFqcGc@.jpg,tl,CALICULA,MALCOLMMDOWELL,GG,
A Hard Day s Night,https://m.media-amazon.com/images/M/MV5BN2E4NGU3OWUtNTFiYS00NTVhLTgzMDUtNmI0NGM2OTBlNGFiXkEyXkFqcGc@.jpg,en,HARD,DAY,THE WAR FOR A DIRTY SECRET,
Sugar Town,https://m.media-amazon.com/images/M/MV5BMTYzNTM5NzI2MF5BMl5BanBnXkFtZTYwODY5Mjg5.jpg,id,SUGAR,MCHAEL,ShEEDY,
The Buddy Holly Story,https://m.media-amazon.com/images/M/MV5BODI2ZDQ3ZTItNmU5Yi00YTg4LWFlZWItMDc1NDU5ZDQ5NmZiXkEyXkFqcGc@.jpg,en,olly,uddy,The music youll love forever.,
Fright Night,https://m.media-amazon.com/images/M/MV5BMjQzMTM4NzUyM15BMl5BanBnXkFtZTgwNDYyODgwNzE@.jpg,en,NIGHT,FRIGHT,being,
La s paration,https://m.media-amazon.com/images/M/MV5BMDM0ZWRmMzctM2M5ZS00ZjU0LWIxN2MtNWNlNGY1ZDhjMDVhXkEyXkFqcGc@.jpg,fr,SEPARATION,A,,
Barefoot in the Park,https://m.media-amazon.com/images/M/MV5BMjJhMjFjZWUtZWM2Yy00NmNkLTgzZmMtYjU4NzJhZTUyNjZiXkEyXkFqcGc@.jpg,en,Make ',laughingW,Break=,
Deliverance,https://m.media-amazon.com/images/M/MV5BMWUyN2RlM2QtYzVlNy00Njc3LTgzMDMtNmJmMTk0OGY3ODFmXkEyXkFqcGc@.jpg,it,Delivcrance,What did happen on the Cahulawassee River?,BURT REYNOLDS,
Thumbelina,https://m.media-amazon.com/images/M/MV5BYzU2NzE2MjQtY2VmOS00ZWI1LTg0NDYtNmQzYzU5YWE4OTgxXkEyXkFqcGc@.jpg,sw,,,,
Hell Night,https://m.media-amazon.com/images/M/MV5BN2Y0NWQzZTUtZDlhMi00NzFlLTg4ZmYtYzRiYzczOTA0ZTIzXkEyXkFqcGc@.jpg,en,Jimmy Sturtevant and Peter Barton Produced by Irwin Yablans & Bruce Cohn Curtis:,LINDA BLAIR inHELL NIGHT,"Starring Vincent Van Patten, Kevin Brophy, Jenny Neumann, Suki Goodwin,",
Lung hing foo dai,https://m.media-amazon.com/images/M/MV5BNDZlOWU0YjAtMTgwYy00YTQzLTg3NjEtYzBkZDE1MWEzMjQzXkEyXkFqcGc@.jpg,tl,Armourof God,,,
Double Jeopardy,https://m.media-amazon.com/images/M/MV5BZGFhMzVkYmQtYzI4OS00ZTYxLThjYTItYzZjYzY2OTlkMGQ4XkEyXkFqcGc@.jpg,en,JEOPARDY,DOUBLE,MURDER,
Jakob the Liar,https://m.media-amazon.com/images/M/MV5BY2QyOTU2ZTAtYmRkMC00NDVjLThlNWQtMmI0MWI4NDM3YmRmXkEyXkFqcGc@.jpg,en,JiheLLIAR,TAKOB,R 0 B [ N,
Mumford,https://m.media-amazon.com/images/M/MV5BMzRiOGE3Y2UtNGYxNy00MDZmLWE3MDAtYWFjMTJlOTdjYmY3XkEyXkFqcGc@.jpg,da,Some towns have all ıhe fun.,,,
Dog Park,https://m.media-amazon.com/images/M/MV5BMTY0NzRkMzUtMjRhMS00YjY0LWFhNGYtNTc3MGNkZTUzM2FlXkEyXkFqcGc@.jpg,no,Goe,1,3,
The Adventures of Elmo in Grouchland,https://m.media-amazon.com/images/M/MV5BNjcwZDc2YmYtZGQ1NS00YTA2LWIxYWUtYjdmMGI0N2Y1YWI2XkEyXkFqcGc@.jpg,en,ELMO,Adventures @f,The,
Simon Sez,https://m.media-amazon.com/images/M/MV5BZmZiNzkzZTktNTljYi00YWY0LTg2MWMtYjgwNWUwM2NmOGRjXkEyXkFqcGc@.jpg,de,5,0,R,
Drive Me Crazy,https://m.media-amazon.com/images/M/MV5BMGU0YmZlYmEtMWQyYS00YjM1LThlNmYtOWQ1YzU4ZTRkMWMxXkEyXkFqcGc@.jpg,hr,CRAZY,GRENIER,HART,
Mystery Alaska,https://m.media-amazon.com/images/M/MV5BMWE3MGZmNTMtMTdiMC00NzRlLTk4ODAtZmJlZWNjMzY5NWVlXkEyXkFqcGc@.jpg,pl,MYSTERY ALASKA,AzARIA   McCORMAcK   DAVIDOVICH,REYnoLDs,
Three Kings,https://m.media-amazon.com/images/M/MV5BODdlODNiYWUtNDU4Mi00OWY0LTk2MmMtZWMwNzA4Yzc1NTAyXkEyXkFqcGc@.jpg,en,TAREE,KINGS,CLOONEY,
New Rose Hotel,https://m.media-amazon.com/images/M/MV5BMGQyNGY3NzAtZGI5YS00MTQ3LWI5NzktNzNmMTY1Mzg1ZmQ3XkEyXkFqcGc@.jpg,nl,E,L,SE,
Plunkett Macleane,https://m.media-amazon.com/images/M/MV5BYjVmYjk1NjMtZmIxNC00ZGIxLTk0NTgtYzBjMzJkOTVjNTBlXkEyXkFqcGc@.jpg,sv,JONY LEE IILLER,ROBERT CARLYLE,LiV TYLER,
And the Ship Sails On,,en,,,,No poster for 'And the Ship Sails On'
The Dark Half,https://m.media-amazon.com/images/M/MV5BMGUyNmFmYzctNDJmYi00ZjE3LTg5YjItMTJmNzgwNDg1YWJhXkEyXkFqcGc@.jpg,en,reasons to be afraid of Thexdark,There are very,GEORGE A: ROMERO   TIMOTHV HUTTON,
Gulliver s Travels,https://m.media-amazon.com/images/M/MV5BMjI1NDU1MjcxN15BMl5BanBnXkFtZTcwODczNTM1Mw@@.jpg,no,3DchristMas,IN DIGIAL,,
